date,resolution,K,N,min_size,AVI,AVU,MQ,Q,SW,CH,S_Dbw,CH_per_N
2023-06,0.5,7,2016,61,0.9032836827574668,0.49196963014040457,0.034026428159893776,0.726527770227731,0.17192505634115338,755.5075918958806,1.4259939514004647,0.3747557499483535
2023-07,0.5,7,2016,68,0.9125384291655877,0.5053597604907012,0.034296969284316386,0.7250870158700988,0.18792539970091288,799.3262704120117,1.290986678688495,0.39649120556151374
2023-08,0.5,7,2016,67,0.9128365680528692,0.513238883920344,0.035217711278505814,0.7242264254910667,0.19458021901247502,808.4086730657722,1.3379587959359558,0.40099636560802193
2023-06,0.8,12,2016,61,0.8494148858008327,0.5131927405588548,0.04245888437028229,0.7526826082652394,0.15254676419785648,573.7212241572706,1.1351237192767867,0.2845839405542017
2023-07,0.8,9,2016,101,0.8811163038528126,0.5590401452196114,0.03208210781139591,0.7487392483168531,0.15108212422395115,681.3765074590424,1.334349894921841,0.3379843786999218
2023-08,0.8,11,2016,67,0.8680799517017378,0.520733294972199,0.03926149148220743,0.760296078422566,0.15753274705202236,660.3060125239485,1.1394302695239826,0.32753274430751417
2023-06,1.0,14,2016,55,0.8287713469965687,0.5122412275320286,0.04845545270760088,0.7501773328361007,0.14839292754011799,507.169161343191,1.0971002045114904,0.25157200463451934
2023-07,1.0,15,2016,68,0.8311687741735644,0.5244893941114311,0.0465276668994186,0.7615350426869053,0.16730375162918507,535.5084468054862,1.079695447679175,0.2656291898836737
2023-08,1.0,13,2016,67,0.8545328078520394,0.517427255846719,0.045049792974141946,0.7662096806514545,0.15670910827311815,598.6817869397357,1.0560688467582713,0.2969651720931229
2023-06,1.3,15,2016,55,0.832816855239813,0.5173688283869683,0.04842240839644673,0.7596391177157473,0.16656241261404128,534.6173677317444,1.0443238598150721,0.2651871863748732
2023-07,1.3,16,2016,31,0.8226053353694655,0.5122534967808162,0.056098977186310205,0.7612862572278596,0.15441896161738206,509.8018876661887,0.9926928325815534,0.2528779204693396
2023-08,1.3,16,2016,30,0.8291999229956077,0.5132408173843401,0.0554821774086088,0.7626040996403437,0.15454988194151223,526.9484898848083,0.9678243155415942,0.2613831795063533
