territory_id,cluster,seed_support
1,1,0.9166666666666666
2,9,0.8333333333333334
3,14,0.5
4,9,1.0
5,9,0.16666666666666666
6,9,0.8333333333333334
7,1,0.8333333333333334
8,1,0.9166666666666666
9,9,0.16666666666666666
10,1,0.9166666666666666
11,1,0.8333333333333334
12,1,1.0
13,9,0.6666666666666666
14,14,0.5
15,9,0.5833333333333334
16,9,0.6666666666666666
17,9,0.6666666666666666
18,9,0.4166666666666667
19,11,0.75
20,9,0.6666666666666666
21,13,1.0
22,9,0.75
23,5,0.4166666666666667
25,1,1.0
26,1,1.0
27,1,1.0
28,1,1.0
29,1,1.0
30,5,0.4166666666666667
31,5,0.4166666666666667
32,14,0.9166666666666666
33,5,0.4166666666666667
34,5,0.6666666666666666
35,5,0.4166666666666667
36,14,0.9166666666666666
37,5,0.6666666666666666
38,5,0.4166666666666667
39,5,0.5
40,5,0.4166666666666667
41,5,0.4166666666666667
42,1,1.0
43,5,0.3333333333333333
44,5,0.4166666666666667
45,5,0.4166666666666667
46,5,0.4166666666666667
47,5,0.4166666666666667
48,5,0.6666666666666666
49,5,0.4166666666666667
50,5,0.5
51,5,0.4166666666666667
52,14,0.9166666666666666
53,5,0.5
54,5,0.4166666666666667
55,5,0.4166666666666667
56,5,0.4166666666666667
57,1,1.0
58,14,0.9166666666666666
59,9,1.0
60,5,0.4166666666666667
61,5,0.4166666666666667
62,5,0.6666666666666666
63,5,0.5
65,5,0.6666666666666666
66,1,1.0
67,5,0.6666666666666666
68,5,0.3333333333333333
69,5,0.6666666666666666
70,14,0.8333333333333334
71,5,0.4166666666666667
72,5,0.5
73,1,1.0
74,5,0.6666666666666666
75,5,0.3333333333333333
76,1,0.8333333333333334
77,1,1.0
78,5,0.4166666666666667
79,5,0.4166666666666667
80,5,0.6666666666666666
81,5,0.4166666666666667
82,5,0.3333333333333333
83,5,0.4166666666666667
167,13,0.9166666666666666
168,9,0.4166666666666667
169,9,0.4166666666666667
173,9,0.16666666666666666
181,11,1.0
184,14,0.8333333333333334
185,9,0.16666666666666666
188,11,1.0
191,11,0.5
194,13,0.8333333333333334
195,9,0.8333333333333334
196,13,0.8333333333333334
198,9,0.4166666666666667
201,9,0.8333333333333334
203,9,0.16666666666666666
204,9,0.8333333333333334
205,9,0.8333333333333334
206,1,1.0
207,9,1.0
208,14,0.75
209,11,0.3333333333333333
210,14,0.8333333333333334
211,9,0.8333333333333334
212,14,0.5
213,14,0.5
214,14,0.8333333333333334
215,14,0.8333333333333334
216,14,0.8333333333333334
217,9,0.75
218,9,1.0
219,11,1.0
220,14,0.9166666666666666
221,9,0.75
222,9,0.9166666666666666
223,14,0.8333333333333334
224,5,0.4166666666666667
225,9,0.5833333333333334
226,9,0.9166666666666666
227,9,0.75
228,9,0.5833333333333334
229,5,0.5
230,14,0.9166666666666666
231,14,0.9166666666666666
232,14,0.8333333333333334
233,14,0.8333333333333334
234,9,0.8333333333333334
235,14,0.8333333333333334
236,9,0.75
237,5,0.4166666666666667
238,11,0.5
239,14,0.8333333333333334
240,14,0.8333333333333334
241,14,0.8333333333333334
242,14,0.8333333333333334
243,5,0.9166666666666666
269,1,0.8333333333333334
270,9,1.0
271,14,0.8333333333333334
272,9,0.4166666666666667
273,11,0.3333333333333333
274,9,0.4166666666666667
275,11,0.8333333333333334
276,14,0.8333333333333334
277,14,0.9166666666666666
278,1,1.0
279,14,0.8333333333333334
280,14,0.8333333333333334
281,14,0.8333333333333334
282,14,0.8333333333333334
283,14,0.75
284,14,0.75
285,11,0.9166666666666666
287,11,1.0
288,11,0.6666666666666666
289,11,0.8333333333333334
290,11,0.5833333333333334
292,11,0.8333333333333334
293,11,0.8333333333333334
294,11,1.0
295,11,1.0
296,11,0.6666666666666666
297,11,0.8333333333333334
298,14,0.5833333333333334
300,14,0.5833333333333334
301,5,0.4166666666666667
302,11,1.0
303,9,0.9166666666666666
304,11,1.0
305,11,0.75
306,11,1.0
307,11,1.0
308,14,0.8333333333333334
309,5,0.9166666666666666
312,5,0.5833333333333334
314,5,0.9166666666666666
316,5,0.9166666666666666
317,5,0.9166666666666666
318,5,0.9166666666666666
319,5,0.9166666666666666
320,5,0.9166666666666666
321,5,0.9166666666666666
323,5,0.9166666666666666
324,5,0.9166666666666666
325,5,0.8333333333333334
326,5,0.9166666666666666
327,5,0.8333333333333334
329,5,0.9166666666666666
330,5,0.8333333333333334
331,5,0.9166666666666666
332,5,0.9166666666666666
333,5,0.9166666666666666
334,5,0.9166666666666666
335,5,0.9166666666666666
336,5,0.9166666666666666
337,5,0.9166666666666666
338,5,0.9166666666666666
339,5,0.9166666666666666
340,5,0.9166666666666666
341,5,0.9166666666666666
342,5,0.9166666666666666
343,5,0.9166666666666666
345,13,0.9166666666666666
346,13,0.8333333333333334
347,9,0.4166666666666667
348,9,0.4166666666666667
349,9,0.4166666666666667
351,9,0.8333333333333334
352,13,0.8333333333333334
354,13,1.0
355,1,0.8333333333333334
356,5,0.4166666666666667
357,5,0.4166666666666667
358,14,0.9166666666666666
359,5,0.4166666666666667
360,14,0.8333333333333334
361,14,0.9166666666666666
362,1,0.8333333333333334
363,14,0.8333333333333334
364,5,0.4166666666666667
365,9,0.5
366,5,0.4166666666666667
367,5,0.4166666666666667
368,5,0.4166666666666667
369,5,0.4166666666666667
370,9,1.0
371,1,0.9166666666666666
372,14,0.9166666666666666
373,1,0.8333333333333334
374,5,0.4166666666666667
375,1,1.0
376,14,0.9166666666666666
377,11,0.75
378,5,0.4166666666666667
379,1,0.8333333333333334
380,5,0.4166666666666667
381,5,0.3333333333333333
382,9,0.9166666666666666
383,5,0.3333333333333333
384,14,0.9166666666666666
385,1,0.8333333333333334
386,11,0.3333333333333333
387,5,0.4166666666666667
388,1,0.9166666666666666
390,5,0.4166666666666667
391,5,0.3333333333333333
392,14,0.5
393,14,0.6666666666666666
395,11,0.3333333333333333
396,9,0.5833333333333334
397,9,1.0
398,14,0.75
401,5,0.4166666666666667
402,1,0.3333333333333333
403,9,0.6666666666666666
404,9,0.6666666666666666
405,1,0.8333333333333334
408,9,0.25
410,1,0.8333333333333334
413,9,0.6666666666666666
414,1,0.8333333333333334
416,1,0.3333333333333333
418,1,1.0
419,1,1.0
420,1,1.0
421,5,0.4166666666666667
422,1,1.0
423,5,0.3333333333333333
424,14,0.8333333333333334
425,14,0.8333333333333334
428,11,0.5833333333333334
429,14,0.8333333333333334
430,1,0.8333333333333334
431,5,0.4166666666666667
432,14,0.8333333333333334
433,11,0.5833333333333334
434,14,0.8333333333333334
435,5,0.3333333333333333
436,14,0.5833333333333334
437,11,0.5
438,5,0.3333333333333333
440,5,0.4166666666666667
441,14,0.9166666666666666
442,14,0.8333333333333334
443,5,0.4166666666666667
444,14,0.8333333333333334
445,14,0.8333333333333334
446,14,0.9166666666666666
447,14,0.8333333333333334
448,1,1.0
449,14,0.9166666666666666
450,9,0.5833333333333334
451,14,0.5
452,5,0.4166666666666667
453,5,0.4166666666666667
455,5,0.4166666666666667
456,11,0.5833333333333334
457,11,0.5833333333333334
458,9,0.6666666666666666
459,5,0.4166666666666667
460,14,0.6666666666666666
478,1,0.8333333333333334
479,11,0.8333333333333334
480,5,0.4166666666666667
481,1,1.0
482,14,1.0
484,5,0.6666666666666666
485,5,0.4166666666666667
486,9,0.5833333333333334
487,14,0.8333333333333334
489,14,0.8333333333333334
490,5,0.4166666666666667
491,5,0.5
492,9,1.0
493,11,0.5
494,14,0.75
495,11,0.6666666666666666
496,14,0.8333333333333334
497,14,0.8333333333333334
498,5,0.4166666666666667
499,5,0.4166666666666667
501,14,0.8333333333333334
502,14,0.8333333333333334
503,14,0.6666666666666666
504,1,1.0
505,5,0.4166666666666667
506,9,1.0
507,1,1.0
508,5,0.4166666666666667
509,5,0.4166666666666667
510,5,0.4166666666666667
511,5,0.4166666666666667
512,14,0.6666666666666666
515,5,0.4166666666666667
516,11,0.6666666666666666
517,5,0.4166666666666667
518,14,0.8333333333333334
519,11,0.08333333333333333
520,11,0.8333333333333334
521,14,0.9166666666666666
522,9,0.4166666666666667
523,11,0.5
524,14,0.8333333333333334
525,11,0.5
527,14,0.8333333333333334
528,14,0.75
529,5,0.3333333333333333
530,5,0.3333333333333333
531,14,0.9166666666666666
532,11,0.5833333333333334
533,11,0.5833333333333334
534,14,0.9166666666666666
535,5,0.4166666666666667
536,11,0.5833333333333334
537,14,0.9166666666666666
538,14,0.8333333333333334
539,11,0.08333333333333333
540,14,0.9166666666666666
541,11,0.5833333333333334
542,14,0.75
543,14,0.8333333333333334
544,11,0.5833333333333334
545,14,0.8333333333333334
546,14,0.6666666666666666
547,14,0.9166666666666666
548,14,0.8333333333333334
549,11,0.5833333333333334
550,14,0.9166666666666666
552,5,0.6666666666666666
553,11,0.75
554,5,0.4166666666666667
555,11,0.8333333333333334
556,11,0.6666666666666666
557,11,0.5833333333333334
558,11,0.4166666666666667
559,14,1.0
560,11,1.0
561,14,0.8333333333333334
562,11,1.0
563,11,0.5833333333333334
564,14,0.9166666666666666
565,14,0.5
566,11,0.5
567,11,0.5833333333333334
568,14,0.8333333333333334
569,11,0.08333333333333333
570,11,1.0
571,14,0.9166666666666666
572,11,0.75
574,5,0.6666666666666666
578,5,0.6666666666666666
579,5,0.9166666666666666
580,5,0.9166666666666666
581,5,0.4166666666666667
582,5,0.8333333333333334
583,14,0.8333333333333334
584,5,0.9166666666666666
585,5,0.9166666666666666
586,5,0.6666666666666666
587,5,0.5833333333333334
588,5,0.9166666666666666
589,5,0.9166666666666666
591,14,0.8333333333333334
592,5,0.9166666666666666
593,5,0.4166666666666667
594,5,0.9166666666666666
595,14,0.8333333333333334
598,14,0.8333333333333334
599,5,0.3333333333333333
600,5,0.9166666666666666
601,5,0.4166666666666667
602,14,0.8333333333333334
603,5,0.9166666666666666
604,5,0.9166666666666666
605,5,0.9166666666666666
606,14,0.75
607,5,0.75
608,5,0.9166666666666666
612,5,0.9166666666666666
613,5,0.9166666666666666
614,5,0.9166666666666666
615,5,0.9166666666666666
616,5,0.9166666666666666
618,5,0.9166666666666666
619,5,0.9166666666666666
621,5,0.9166666666666666
666,1,1.0
667,5,0.4166666666666667
668,14,0.9166666666666666
669,14,0.6666666666666666
670,5,0.4166666666666667
671,14,0.5833333333333334
674,5,0.4166666666666667
675,5,0.4166666666666667
676,5,0.4166666666666667
677,5,0.4166666666666667
678,5,0.8333333333333334
679,5,0.4166666666666667
680,9,1.0
683,11,0.6666666666666666
685,9,0.5833333333333334
686,5,0.4166666666666667
687,11,1.0
689,14,0.5833333333333334
690,14,0.9166666666666666
691,11,1.0
692,11,0.5833333333333334
693,1,1.0
694,14,0.6666666666666666
695,14,0.9166666666666666
696,11,0.4166666666666667
697,14,0.8333333333333334
698,14,0.5
699,11,0.6666666666666666
701,11,0.5833333333333334
702,14,0.5833333333333334
703,14,0.8333333333333334
704,14,0.8333333333333334
705,14,0.8333333333333334
706,11,0.8333333333333334
708,14,0.4166666666666667
710,11,0.75
711,14,0.6666666666666666
712,14,0.8333333333333334
713,11,0.75
714,14,0.6666666666666666
715,11,0.75
716,9,0.5833333333333334
717,14,0.9166666666666666
718,5,0.8333333333333334
719,11,0.5833333333333334
720,5,0.8333333333333334
721,11,0.6666666666666666
722,14,0.6666666666666666
723,14,0.8333333333333334
725,5,0.4166666666666667
726,5,0.9166666666666666
727,1,1.0
731,5,0.4166666666666667
734,14,0.8333333333333334
735,5,0.4166666666666667
736,14,0.8333333333333334
737,11,0.08333333333333333
738,5,0.3333333333333333
739,14,0.9166666666666666
741,5,0.4166666666666667
742,14,0.6666666666666666
743,14,0.8333333333333334
744,14,0.9166666666666666
745,14,0.8333333333333334
746,11,0.08333333333333333
747,14,0.8333333333333334
748,5,0.4166666666666667
749,14,0.9166666666666666
751,14,0.8333333333333334
752,14,0.9166666666666666
753,14,0.8333333333333334
754,5,0.6666666666666666
755,14,0.8333333333333334
756,5,0.3333333333333333
757,1,1.0
758,11,0.08333333333333333
760,11,0.5
761,11,0.5833333333333334
763,5,0.4166666666666667
764,11,0.75
765,11,0.5833333333333334
766,5,0.4166666666666667
767,5,0.4166666666666667
769,11,0.16666666666666666
770,14,0.8333333333333334
771,14,0.8333333333333334
773,11,0.5
774,11,0.5
775,5,0.9166666666666666
776,5,0.9166666666666666
777,5,0.9166666666666666
778,5,0.9166666666666666
779,5,0.9166666666666666
780,5,0.75
781,5,0.9166666666666666
782,5,0.9166666666666666
783,5,0.9166666666666666
784,5,0.9166666666666666
785,5,0.9166666666666666
787,14,0.8333333333333334
788,5,0.5833333333333334
789,5,0.6666666666666666
790,5,0.9166666666666666
791,14,0.6666666666666666
792,14,0.6666666666666666
793,5,0.9166666666666666
794,5,0.9166666666666666
795,5,0.9166666666666666
796,14,0.8333333333333334
797,5,0.9166666666666666
798,5,0.9166666666666666
799,5,0.9166666666666666
800,5,0.9166666666666666
801,14,0.8333333333333334
802,5,0.9166666666666666
803,5,0.9166666666666666
804,5,0.9166666666666666
805,5,0.9166666666666666
806,5,0.9166666666666666
807,5,0.9166666666666666
808,14,0.8333333333333334
809,13,0.9166666666666666
810,9,0.5833333333333334
811,9,0.8333333333333334
812,13,0.8333333333333334
813,13,0.8333333333333334
814,9,0.5
815,9,0.5833333333333334
817,9,0.16666666666666666
818,9,0.8333333333333334
819,1,0.9166666666666666
820,1,1.0
821,9,0.5833333333333334
822,9,0.5833333333333334
823,9,0.5833333333333334
824,13,0.9166666666666666
825,9,0.4166666666666667
826,9,0.5833333333333334
827,11,0.5
828,11,0.8333333333333334
829,11,0.8333333333333334
830,9,1.0
831,11,0.5
832,9,0.5
833,14,0.8333333333333334
834,9,0.4166666666666667
835,11,0.5
836,11,0.5
838,9,0.16666666666666666
839,11,0.5
840,9,0.16666666666666666
841,1,0.9166666666666666
842,5,0.9166666666666666
843,5,0.9166666666666666
844,5,0.8333333333333334
846,5,0.9166666666666666
847,5,0.9166666666666666
848,5,0.9166666666666666
849,5,0.9166666666666666
851,5,0.9166666666666666
852,14,0.8333333333333334
853,5,0.9166666666666666
854,5,0.9166666666666666
855,5,0.9166666666666666
856,5,0.9166666666666666
857,5,0.9166666666666666
859,14,0.8333333333333334
860,5,0.9166666666666666
870,5,0.9166666666666666
871,5,0.9166666666666666
872,5,0.9166666666666666
873,5,0.9166666666666666
874,5,0.9166666666666666
875,5,0.8333333333333334
876,5,0.9166666666666666
877,5,0.9166666666666666
878,5,0.9166666666666666
879,5,0.9166666666666666
880,5,0.9166666666666666
881,5,0.9166666666666666
882,14,0.8333333333333334
883,5,0.8333333333333334
884,5,0.8333333333333334
885,5,0.9166666666666666
886,5,0.9166666666666666
888,5,0.8333333333333334
889,5,0.9166666666666666
890,1,1.0
891,9,0.9166666666666666
892,5,0.4166666666666667
895,9,0.75
896,1,1.0
897,9,0.5833333333333334
898,14,0.8333333333333334
899,9,0.5
900,11,0.5
901,14,0.8333333333333334
902,14,1.0
903,14,0.8333333333333334
904,11,0.5
905,14,1.0
907,11,0.5
908,14,0.8333333333333334
909,14,0.8333333333333334
911,14,0.8333333333333334
912,1,0.6666666666666666
913,14,0.75
914,11,0.75
915,14,0.8333333333333334
916,5,0.8333333333333334
917,5,0.8333333333333334
918,1,0.8333333333333334
920,9,0.5
922,11,1.0
923,11,1.0
924,11,0.8333333333333334
925,11,0.8333333333333334
926,11,0.8333333333333334
927,1,1.0
928,1,0.9166666666666666
929,11,1.0
930,11,1.0
986,1,1.0
987,9,0.9166666666666666
988,1,1.0
989,5,0.4166666666666667
991,9,1.0
992,9,0.5
993,14,0.8333333333333334
994,11,1.0
995,14,0.8333333333333334
996,9,1.0
998,9,0.9166666666666666
999,14,0.8333333333333334
1001,9,1.0
1002,14,0.5833333333333334
1003,14,0.8333333333333334
1004,14,0.8333333333333334
1005,9,0.5
1006,14,0.8333333333333334
1007,1,1.0
1008,1,1.0
1009,9,1.0
1010,9,1.0
1011,9,0.5833333333333334
1012,14,0.9166666666666666
1013,11,0.8333333333333334
1014,11,1.0
1015,9,0.5
1016,11,1.0
1017,11,1.0
1018,11,0.8333333333333334
1019,14,0.5
1020,14,0.5
1021,9,0.5
1023,11,0.8333333333333334
1024,11,0.8333333333333334
1025,11,0.5
1026,14,0.8333333333333334
1027,11,1.0
1028,11,0.8333333333333334
1029,11,0.8333333333333334
1030,11,1.0
1031,9,0.16666666666666666
1032,11,0.8333333333333334
1033,11,0.9166666666666666
1034,11,1.0
1035,14,0.8333333333333334
1036,11,0.5
1037,9,0.5
1038,11,1.0
1039,9,1.0
1040,9,0.16666666666666666
1041,11,0.8333333333333334
1044,11,0.9166666666666666
1047,14,1.0
1048,14,0.9166666666666666
1049,1,0.5833333333333334
1051,5,0.4166666666666667
1052,14,0.8333333333333334
1053,11,0.5
1054,5,0.4166666666666667
1055,14,0.9166666666666666
1056,14,0.8333333333333334
1057,14,0.8333333333333334
1058,14,0.5833333333333334
1059,5,0.4166666666666667
1060,14,0.5833333333333334
1061,14,0.9166666666666666
1062,14,0.9166666666666666
1063,14,0.75
1064,11,0.5833333333333334
1065,14,0.8333333333333334
1066,14,0.75
1067,11,0.5833333333333334
1068,14,0.75
1069,11,0.5
1070,14,0.5833333333333334
1071,5,0.4166666666666667
1072,14,0.75
1107,1,1.0
1108,14,0.8333333333333334
1109,9,1.0
1110,9,0.9166666666666666
1111,9,0.75
1112,9,0.9166666666666666
1113,11,1.0
1115,11,1.0
1116,14,0.8333333333333334
1117,1,0.8333333333333334
1118,11,0.9166666666666666
1119,14,0.8333333333333334
1120,11,1.0
1121,11,1.0
1122,11,1.0
1123,11,1.0
1124,11,1.0
1125,14,0.5
1126,11,1.0
1127,14,0.8333333333333334
1128,11,1.0
1129,14,0.8333333333333334
1130,14,0.8333333333333334
1131,9,1.0
1132,11,1.0
1133,11,1.0
1134,1,1.0
1135,1,1.0
1136,5,0.4166666666666667
1137,14,0.4166666666666667
1138,5,0.4166666666666667
1139,5,0.4166666666666667
1140,5,0.4166666666666667
1141,5,0.4166666666666667
1142,5,0.4166666666666667
1143,14,0.6666666666666666
1144,11,0.75
1146,14,0.9166666666666666
1147,5,0.4166666666666667
1148,14,0.9166666666666666
1149,14,0.9166666666666666
1150,1,0.8333333333333334
1151,14,0.5833333333333334
1152,5,0.9166666666666666
1153,5,0.4166666666666667
1154,9,0.75
1155,14,0.6666666666666666
1157,14,0.8333333333333334
1158,14,0.75
1159,9,0.5
1160,9,1.0
1161,5,0.4166666666666667
1163,9,1.0
1164,14,0.5833333333333334
1165,9,0.75
1166,14,0.5833333333333334
1167,14,0.6666666666666666
1168,14,0.8333333333333334
1169,5,0.4166666666666667
1170,5,0.4166666666666667
1171,5,0.3333333333333333
1172,5,0.4166666666666667
1173,14,0.9166666666666666
1174,5,0.4166666666666667
1175,5,0.4166666666666667
1176,5,0.9166666666666666
1178,14,0.3333333333333333
1179,9,0.9166666666666666
1180,9,0.8333333333333334
1181,5,0.4166666666666667
1184,5,0.4166666666666667
1185,14,0.75
1186,13,1.0
1187,5,0.5833333333333334
1188,13,1.0
1189,14,0.8333333333333334
1190,1,1.0
1191,5,0.4166666666666667
1192,14,0.6666666666666666
1193,14,0.75
1194,9,0.5833333333333334
1195,14,0.5
1196,14,0.9166666666666666
1197,5,0.4166666666666667
1198,1,1.0
1200,14,0.5
1201,11,0.9166666666666666
1203,11,1.0
1204,11,0.8333333333333334
1205,11,1.0
1206,9,0.5
1207,14,0.5833333333333334
1208,11,0.9166666666666666
1209,14,0.5
1210,11,1.0
1211,9,0.5833333333333334
1212,9,1.0
1213,14,0.5
1214,11,0.9166666666666666
1215,11,0.9166666666666666
1217,11,1.0
1218,11,1.0
1219,14,0.25
1220,11,0.9166666666666666
1221,9,0.5833333333333334
1222,11,0.9166666666666666
1223,11,1.0
1224,1,1.0
1225,5,0.4166666666666667
1226,5,0.4166666666666667
1227,5,0.4166666666666667
1228,5,0.3333333333333333
1229,5,0.4166666666666667
1230,5,0.4166666666666667
1231,5,0.4166666666666667
1232,5,0.4166666666666667
1233,1,1.0
1234,5,0.4166666666666667
1235,5,0.4166666666666667
1236,5,0.4166666666666667
1237,14,0.75
1238,5,0.4166666666666667
1240,9,0.16666666666666666
1241,5,0.3333333333333333
1242,11,0.5833333333333334
1243,1,1.0
1244,14,0.8333333333333334
1246,5,0.4166666666666667
1249,5,0.4166666666666667
1250,9,0.6666666666666666
1251,11,0.75
1252,5,0.4166666666666667
1253,11,0.5
1254,9,0.5
1256,5,0.4166666666666667
1257,14,0.6666666666666666
1258,1,0.8333333333333334
1259,5,0.3333333333333333
1260,5,0.4166666666666667
1261,14,0.8333333333333334
1262,5,0.3333333333333333
1264,11,0.5833333333333334
1265,14,0.8333333333333334
1266,11,0.5833333333333334
1267,11,0.5833333333333334
1268,11,0.5
1269,11,0.5833333333333334
1270,9,0.75
1271,11,0.5833333333333334
1272,11,0.5
1273,11,0.5833333333333334
1274,14,0.8333333333333334
1275,5,0.4166666666666667
1276,14,0.9166666666666666
1277,14,0.75
1278,14,0.9166666666666666
1279,11,0.5
1280,14,0.8333333333333334
1281,11,0.5
1282,11,0.5833333333333334
1284,14,0.8333333333333334
1285,14,0.8333333333333334
1286,11,0.5
1287,11,0.5
1288,11,0.75
1289,14,0.8333333333333334
1290,14,0.8333333333333334
1291,11,0.5833333333333334
1292,14,0.8333333333333334
1293,14,0.8333333333333334
1294,14,0.8333333333333334
1295,14,0.75
1296,14,0.9166666666666666
1297,11,0.5833333333333334
1298,14,0.8333333333333334
1299,11,0.5
1300,14,0.8333333333333334
1301,11,0.5
1302,5,0.4166666666666667
1303,1,1.0
1304,14,0.8333333333333334
1305,9,0.4166666666666667
1306,14,0.75
1308,14,0.8333333333333334
1309,11,0.9166666666666666
1310,14,0.8333333333333334
1311,11,0.6666666666666666
1312,11,0.5
1313,11,0.6666666666666666
1314,11,0.6666666666666666
1315,9,1.0
1316,14,0.5
1317,11,0.6666666666666666
1319,11,0.5833333333333334
1320,11,0.6666666666666666
1321,14,0.8333333333333334
1322,11,0.6666666666666666
1323,11,0.6666666666666666
1324,11,0.5833333333333334
1325,11,1.0
1326,11,0.5
1327,11,0.6666666666666666
1328,11,0.9166666666666666
1329,11,1.0
1330,11,0.6666666666666666
1331,11,0.9166666666666666
1333,5,0.4166666666666667
1334,5,0.4166666666666667
1335,14,0.8333333333333334
1336,11,0.6666666666666666
1337,14,0.9166666666666666
1338,14,0.8333333333333334
1339,14,0.9166666666666666
1340,11,0.5
1341,14,0.8333333333333334
1343,14,0.8333333333333334
1344,11,0.6666666666666666
1345,11,0.5833333333333334
1346,11,0.5833333333333334
1347,14,0.5833333333333334
1348,11,0.5833333333333334
1349,11,0.75
1350,11,0.5833333333333334
1351,14,0.9166666666666666
1352,14,0.8333333333333334
1353,11,0.8333333333333334
1355,11,0.5833333333333334
1356,14,0.9166666666666666
1357,14,0.9166666666666666
1358,11,0.08333333333333333
1392,9,0.75
1393,9,0.5
1394,9,1.0
1395,13,1.0
1396,1,0.9166666666666666
1397,1,0.9166666666666666
1398,1,0.6666666666666666
1399,5,0.25
1400,1,0.9166666666666666
1401,9,1.0
1402,1,0.8333333333333334
1403,1,0.9166666666666666
1404,9,0.5833333333333334
1405,9,0.8333333333333334
1406,9,0.75
1407,9,0.75
1408,1,0.9166666666666666
1409,1,0.9166666666666666
1410,1,1.0
1411,9,1.0
1412,11,1.0
1413,9,0.6666666666666666
1414,14,0.8333333333333334
1415,11,1.0
1416,11,1.0
1417,11,1.0
1419,11,1.0
1420,11,0.8333333333333334
1421,11,0.8333333333333334
1422,14,0.5833333333333334
1423,11,1.0
1425,14,0.5
1426,11,1.0
1427,14,0.5
1428,11,1.0
1429,11,0.9166666666666666
1430,5,0.8333333333333334
1431,5,0.9166666666666666
1438,5,0.9166666666666666
1439,13,0.9166666666666666
1440,1,0.9166666666666666
1443,13,0.9166666666666666
1444,13,0.9166666666666666
1445,1,0.8333333333333334
1446,1,0.8333333333333334
1447,1,0.9166666666666666
1448,13,0.9166666666666666
1449,9,1.0
1453,13,0.8333333333333334
1454,1,0.9166666666666666
1456,13,0.9166666666666666
1457,13,0.9166666666666666
1459,13,0.9166666666666666
1461,1,0.8333333333333334
1463,9,1.0
1464,1,0.8333333333333334
1465,13,0.9166666666666666
1467,13,0.9166666666666666
1468,1,0.8333333333333334
1472,1,0.8333333333333334
1473,9,0.9166666666666666
1474,9,0.9166666666666666
1475,13,1.0
1477,9,1.0
1478,9,0.5
1480,1,0.9166666666666666
1481,1,0.8333333333333334
1483,9,1.0
1484,1,0.9166666666666666
1486,9,0.5
1488,1,0.8333333333333334
1489,9,1.0
1490,1,0.9166666666666666
1491,1,0.9166666666666666
1492,1,1.0
1493,13,0.9166666666666666
1494,14,0.5
1495,9,1.0
1496,1,1.0
1500,1,0.8333333333333334
1501,1,0.9166666666666666
1504,9,0.5
1506,1,1.0
1507,1,0.5833333333333334
1508,9,0.6666666666666666
1509,9,0.75
1510,9,0.9166666666666666
1511,9,0.9166666666666666
1512,9,0.9166666666666666
1518,9,0.9166666666666666
1519,9,0.9166666666666666
1520,14,0.5
1521,9,0.9166666666666666
1522,14,0.5
1523,1,1.0
1525,1,1.0
1526,9,1.0
1527,1,1.0
1528,14,0.8333333333333334
1529,14,0.8333333333333334
1530,14,0.8333333333333334
1532,14,0.9166666666666666
1533,14,0.9166666666666666
1534,11,1.0
1535,14,0.8333333333333334
1536,14,0.8333333333333334
1537,11,0.6666666666666666
1539,9,1.0
1540,9,1.0
1541,11,1.0
1542,11,1.0
1543,11,0.5
1544,11,0.5
1545,11,0.5833333333333334
1546,11,1.0
1547,11,0.5833333333333334
1548,11,0.8333333333333334
1549,9,0.9166666666666666
1550,14,0.8333333333333334
1551,11,0.6666666666666666
1552,11,0.6666666666666666
1553,9,1.0
1554,14,0.5
1555,14,0.5
1556,11,1.0
1557,14,0.8333333333333334
1558,11,0.5
1559,11,1.0
1560,1,1.0
1561,11,0.8333333333333334
1562,9,0.75
1563,9,1.0
1564,11,0.8333333333333334
1565,14,0.9166666666666666
1566,14,0.9166666666666666
1567,11,1.0
1568,14,0.8333333333333334
1569,11,1.0
1570,14,0.9166666666666666
1571,11,0.5833333333333334
1572,14,0.9166666666666666
1573,11,0.5833333333333334
1574,14,0.8333333333333334
1575,1,1.0
1577,9,1.0
1578,14,0.8333333333333334
1579,14,0.4166666666666667
1580,11,1.0
1581,11,1.0
1582,11,0.6666666666666666
1583,14,0.8333333333333334
1584,11,0.9166666666666666
1585,11,0.6666666666666666
1586,1,1.0
1587,11,0.75
1588,14,0.9166666666666666
1589,14,0.5
1590,11,1.0
1591,11,0.75
1592,9,0.9166666666666666
1593,11,1.0
1594,11,0.5
1595,14,0.5
1596,14,0.5
1597,1,1.0
1598,1,1.0
1599,5,0.4166666666666667
1600,1,1.0
1601,13,1.0
1602,11,0.5833333333333334
1603,5,0.4166666666666667
1604,5,0.4166666666666667
1605,11,0.5833333333333334
1606,11,0.5833333333333334
1607,11,0.5833333333333334
1608,9,0.9166666666666666
1609,5,0.4166666666666667
1610,14,0.8333333333333334
1611,14,0.8333333333333334
1612,14,0.8333333333333334
1613,11,0.6666666666666666
1614,11,0.5833333333333334
1615,5,0.4166666666666667
1616,11,0.3333333333333333
1617,11,1.0
1618,9,0.25
1619,9,0.5833333333333334
1620,1,0.8333333333333334
1621,14,0.9166666666666666
1622,11,0.6666666666666666
1623,9,0.5833333333333334
1624,14,0.9166666666666666
1625,14,0.9166666666666666
1626,11,0.6666666666666666
1627,11,0.5
1628,14,0.9166666666666666
1629,9,0.4166666666666667
1630,14,0.9166666666666666
1631,14,0.8333333333333334
1632,1,1.0
1633,14,0.75
1634,14,0.8333333333333334
1635,11,0.5833333333333334
1636,14,0.6666666666666666
1637,11,0.5833333333333334
1638,14,0.6666666666666666
1639,14,0.6666666666666666
1640,11,0.4166666666666667
1641,14,0.6666666666666666
1642,14,0.9166666666666666
1643,9,0.75
1644,14,0.8333333333333334
1645,14,0.6666666666666666
1646,14,0.8333333333333334
1647,14,0.9166666666666666
1648,11,0.5
1649,14,0.6666666666666666
1650,14,0.6666666666666666
1651,14,0.8333333333333334
1652,1,1.0
1653,14,0.9166666666666666
1654,14,0.9166666666666666
1655,14,0.8333333333333334
1656,14,0.8333333333333334
1657,11,0.5833333333333334
1658,14,0.75
1659,5,0.4166666666666667
1660,11,0.5833333333333334
1661,14,0.8333333333333334
1662,11,0.5833333333333334
1663,14,0.9166666666666666
1664,14,0.8333333333333334
1665,1,1.0
1666,9,0.5
1667,9,1.0
1668,1,1.0
1669,9,0.75
1670,9,0.75
1671,9,0.75
1672,9,0.5833333333333334
1673,9,0.5833333333333334
1674,9,0.8333333333333334
1675,9,0.5
1676,9,0.75
1678,11,0.8333333333333334
1679,9,0.5833333333333334
1680,11,1.0
1681,11,1.0
1682,9,0.75
1683,9,1.0
1685,14,0.8333333333333334
1686,14,0.5833333333333334
1687,14,0.9166666666666666
1688,14,0.5833333333333334
1689,11,0.8333333333333334
1690,11,0.8333333333333334
1691,11,0.8333333333333334
1692,14,0.5
1693,14,0.9166666666666666
1694,14,0.8333333333333334
1696,14,0.8333333333333334
1697,14,0.8333333333333334
1698,11,0.5833333333333334
1699,14,0.9166666666666666
1700,9,0.9166666666666666
1701,9,0.4166666666666667
1702,11,1.0
1703,14,0.8333333333333334
1704,9,0.9166666666666666
1705,14,0.5
1706,9,0.5
1707,1,1.0
1708,9,0.5
1709,9,0.9166666666666666
1710,14,0.5
1711,14,0.8333333333333334
1712,11,1.0
1714,11,1.0
1715,11,0.9166666666666666
1717,11,1.0
1718,11,0.9166666666666666
1719,14,0.5
1722,11,0.8333333333333334
1724,11,0.5833333333333334
1725,11,1.0
1726,1,1.0
1727,11,0.6666666666666666
1728,14,0.75
1730,14,0.8333333333333334
1731,14,0.5
1732,11,0.8333333333333334
1733,11,1.0
1737,11,1.0
1738,11,1.0
1739,11,1.0
1740,9,1.0
1741,11,0.75
1742,9,0.4166666666666667
1743,11,1.0
1744,11,0.5
1745,14,0.8333333333333334
1746,11,1.0
1747,11,1.0
1749,11,1.0
1750,11,1.0
1751,11,1.0
1752,14,0.5833333333333334
1753,11,0.8333333333333334
1754,11,0.8333333333333334
1755,11,1.0
1756,11,0.8333333333333334
1757,11,0.9166666666666666
1758,1,1.0
1759,14,0.8333333333333334
1760,9,1.0
1761,11,1.0
1762,11,1.0
1764,1,1.0
1765,9,1.0
1766,14,0.8333333333333334
1768,14,0.5
1769,11,0.4166666666666667
1770,14,0.8333333333333334
1771,11,0.6666666666666666
1773,11,1.0
1774,9,0.16666666666666666
1775,11,0.75
1776,14,0.8333333333333334
1777,11,0.5833333333333334
1778,9,0.5833333333333334
1780,14,0.8333333333333334
1781,11,0.6666666666666666
1782,14,0.8333333333333334
1783,1,0.8333333333333334
1784,11,0.8333333333333334
1785,14,0.5
1786,14,0.5
1787,11,1.0
1788,9,0.25
1845,1,1.0
1846,9,0.5
1848,11,1.0
1849,11,1.0
1850,11,1.0
1851,11,0.9166666666666666
1852,11,1.0
1853,11,1.0
1854,11,1.0
1855,11,0.9166666666666666
1856,11,1.0
1857,11,1.0
1858,11,1.0
1859,11,1.0
1860,11,1.0
1861,9,0.5833333333333334
1862,11,1.0
1863,9,1.0
1864,11,0.9166666666666666
1865,11,0.9166666666666666
1868,11,1.0
1869,11,1.0
1870,11,1.0
1871,11,0.9166666666666666
1872,11,1.0
1873,11,1.0
1874,1,0.8333333333333334
1875,9,0.9166666666666666
1876,9,1.0
1877,1,0.9166666666666666
1878,9,0.4166666666666667
1879,9,1.0
1880,9,0.5
1881,1,1.0
1883,9,0.5833333333333334
1884,11,1.0
1885,9,0.5
1886,11,1.0
1887,11,0.8333333333333334
1888,14,0.5
1889,11,1.0
1890,1,0.9166666666666666
1891,11,1.0
1892,11,0.6666666666666666
1893,9,0.5
1894,11,1.0
1895,14,0.8333333333333334
1896,11,1.0
1897,11,0.5
1898,11,1.0
1899,9,0.5833333333333334
1900,14,0.6666666666666666
1901,14,0.8333333333333334
1902,11,1.0
1903,11,1.0
1904,14,0.8333333333333334
1905,1,0.9166666666666666
1906,9,1.0
1907,11,1.0
1908,11,1.0
1909,11,0.5833333333333334
1910,11,1.0
1912,14,0.5833333333333334
1915,11,0.8333333333333334
1916,11,1.0
1917,11,1.0
1918,11,0.6666666666666666
1919,5,0.4166666666666667
1920,9,1.0
1921,11,1.0
1922,9,0.5833333333333334
1923,11,1.0
1924,11,1.0
1925,11,0.75
1926,11,0.8333333333333334
1927,11,1.0
1928,11,1.0
1929,11,0.8333333333333334
1930,14,0.8333333333333334
1931,14,0.75
1932,11,1.0
1933,11,1.0
1934,9,0.5
1935,11,1.0
1936,9,0.8333333333333334
1937,11,0.5
1938,11,0.8333333333333334
1939,14,0.8333333333333334
1940,11,1.0
1941,14,0.9166666666666666
1942,11,0.5
1943,11,1.0
1944,14,0.8333333333333334
1945,11,1.0
1947,14,0.8333333333333334
1948,14,0.8333333333333334
1949,11,1.0
1950,14,0.8333333333333334
1951,14,0.25
1952,1,1.0
1954,5,0.9166666666666666
1955,5,0.9166666666666666
1956,5,0.9166666666666666
1957,5,0.9166666666666666
1958,5,0.9166666666666666
1959,5,0.9166666666666666
1960,5,0.9166666666666666
1961,5,0.9166666666666666
1962,5,0.9166666666666666
1963,5,0.9166666666666666
1965,5,0.9166666666666666
1966,5,0.9166666666666666
1967,5,0.9166666666666666
1968,5,0.9166666666666666
1969,5,0.9166666666666666
1970,5,0.8333333333333334
1971,1,1.0
1972,5,0.4166666666666667
1973,9,0.75
1974,5,0.4166666666666667
1975,9,0.75
1976,9,0.75
1977,1,1.0
1978,5,0.4166666666666667
1979,1,1.0
1980,9,0.9166666666666666
1981,5,0.3333333333333333
1982,9,1.0
1983,9,0.3333333333333333
1984,11,1.0
1985,5,0.4166666666666667
1986,5,0.4166666666666667
1987,5,0.4166666666666667
1988,14,0.9166666666666666
1989,14,0.8333333333333334
1990,5,0.3333333333333333
1991,9,0.75
1992,9,0.75
1993,5,0.4166666666666667
1994,9,0.75
1995,5,0.4166666666666667
1996,9,0.75
1997,9,0.75
1999,9,0.75
2000,1,1.0
2001,9,0.75
2002,9,1.0
2004,1,1.0
2005,5,0.4166666666666667
2006,5,0.4166666666666667
2007,14,0.8333333333333334
2008,5,0.3333333333333333
2009,9,0.75
2010,5,0.4166666666666667
2011,5,0.3333333333333333
2012,14,0.6666666666666666
2015,14,0.8333333333333334
2017,14,0.8333333333333334
2018,14,0.8333333333333334
2019,9,1.0
2021,14,0.8333333333333334
2022,11,0.5833333333333334
2023,11,0.5
2024,5,0.4166666666666667
2025,5,0.4166666666666667
2027,14,0.5833333333333334
2028,14,0.8333333333333334
2030,14,0.9166666666666666
2031,11,1.0
2032,5,0.4166666666666667
2033,1,1.0
2034,14,0.75
2035,14,0.8333333333333334
2036,14,0.9166666666666666
2037,11,0.9166666666666666
2039,14,0.8333333333333334
2040,1,0.5
2041,14,0.8333333333333334
2042,14,0.8333333333333334
2043,11,0.9166666666666666
2044,1,1.0
2045,9,0.5833333333333334
2046,14,0.5
2047,9,1.0
2048,9,0.5833333333333334
2049,11,0.75
2050,11,0.75
2051,14,0.8333333333333334
2052,11,1.0
2053,11,0.75
2054,11,0.6666666666666666
2055,14,0.8333333333333334
2056,11,1.0
2057,11,0.6666666666666666
2058,11,0.8333333333333334
2059,14,0.8333333333333334
2060,9,0.5
2061,11,0.8333333333333334
2062,9,0.9166666666666666
2063,1,0.9166666666666666
2064,11,1.0
2065,11,0.9166666666666666
2066,11,0.75
2067,11,0.6666666666666666
2068,11,1.0
2069,14,0.8333333333333334
2070,9,0.9166666666666666
2072,11,1.0
2073,14,0.9166666666666666
2074,9,1.0
2075,11,0.8333333333333334
2076,9,0.5833333333333334
2077,11,0.8333333333333334
2078,11,1.0
2079,11,1.0
2080,11,1.0
2081,11,1.0
2082,11,1.0
2085,11,1.0
2087,11,1.0
2088,11,1.0
2089,11,1.0
2090,11,1.0
2091,11,0.8333333333333334
2093,11,1.0
2094,11,0.6666666666666666
2095,11,1.0
2096,11,1.0
2098,11,1.0
2100,11,1.0
2101,1,1.0
2105,14,0.5
2108,9,0.5833333333333334
2109,9,0.5833333333333334
2110,11,1.0
2111,14,0.5
2112,11,0.9166666666666666
2113,14,0.5
2114,11,1.0
2116,11,0.9166666666666666
2117,11,1.0
2118,11,1.0
2119,1,0.9166666666666666
2120,14,0.5
2121,11,1.0
2122,9,0.16666666666666666
2124,9,0.5833333333333334
2125,11,0.9166666666666666
2126,11,1.0
2127,11,0.9166666666666666
2128,11,1.0
2129,11,1.0
2130,11,0.9166666666666666
2131,14,0.5
2132,11,1.0
2133,11,1.0
2134,11,1.0
2136,11,0.6666666666666666
2137,11,1.0
2138,11,0.9166666666666666
2139,11,0.9166666666666666
2140,11,1.0
2142,11,1.0
2143,11,1.0
2144,1,1.0
2145,11,1.0
2146,5,0.5
2148,9,0.75
2149,14,0.8333333333333334
2150,11,0.8333333333333334
2151,14,0.8333333333333334
2152,11,0.6666666666666666
2153,14,0.9166666666666666
2154,11,0.5
2155,14,0.9166666666666666
2156,11,0.6666666666666666
2157,11,0.75
2158,14,0.8333333333333334
2159,11,0.5833333333333334
2160,11,0.75
2161,1,1.0
2162,11,0.6666666666666666
2163,14,0.8333333333333334
2164,1,1.0
2165,9,1.0
2167,9,1.0
2168,9,0.5833333333333334
2169,1,1.0
2171,14,0.5
2172,11,1.0
2173,9,0.5833333333333334
2174,14,0.5
2175,11,1.0
2176,11,1.0
2177,9,0.5
2178,11,1.0
2179,14,0.5
2180,14,0.5
2181,11,1.0
2182,11,1.0
2183,14,0.5
2184,11,0.8333333333333334
2185,11,1.0
2186,9,1.0
2187,14,0.5
2188,9,1.0
2189,14,0.5
2190,1,1.0
2191,5,0.4166666666666667
2192,5,0.4166666666666667
2193,1,1.0
2194,5,0.4166666666666667
2195,11,0.3333333333333333
2196,11,0.8333333333333334
2197,11,0.5833333333333334
2198,11,0.75
2199,14,0.6666666666666666
2200,11,0.3333333333333333
2201,14,0.9166666666666666
2202,14,0.6666666666666666
2203,5,0.4166666666666667
2204,11,0.6666666666666666
2205,11,0.75
2206,11,0.8333333333333334
2207,11,0.5833333333333334
2208,14,0.9166666666666666
2210,1,0.75
2211,14,0.5
2212,14,0.9166666666666666
2213,11,0.9166666666666666
2215,14,0.9166666666666666
2216,13,1.0
2217,1,0.5833333333333334
2218,9,0.5833333333333334
2219,1,0.4166666666666667
2220,1,1.0
2221,1,1.0
2222,1,0.5833333333333334
2223,9,0.9166666666666666
2224,1,0.6666666666666666
2225,9,0.9166666666666666
2226,1,1.0
2227,1,0.6666666666666666
2228,1,0.6666666666666666
2229,9,0.5833333333333334
2230,14,0.5833333333333334
2231,9,0.5
2232,9,0.9166666666666666
2233,9,0.9166666666666666
2234,9,0.75
2235,9,1.0
2236,9,0.5833333333333334
2237,1,1.0
2238,5,0.9166666666666666
2241,9,0.9166666666666666
2242,13,1.0
2243,1,0.6666666666666666
2244,5,0.8333333333333334
2245,9,0.5833333333333334
2248,9,0.9166666666666666
2249,5,0.9166666666666666
2250,5,0.9166666666666666
2251,1,1.0
2252,5,0.4166666666666667
2253,14,0.8333333333333334
2254,11,0.6666666666666666
2255,11,1.0
2256,11,0.8333333333333334
2257,11,0.5833333333333334
2258,11,1.0
2259,11,0.8333333333333334
2260,11,0.6666666666666666
2262,11,0.8333333333333334
2264,14,0.5
2265,11,1.0
2266,11,1.0
2267,11,1.0
2268,11,0.5833333333333334
2269,11,1.0
2270,11,1.0
2271,11,0.6666666666666666
2272,14,0.8333333333333334
2274,9,0.5
2275,1,1.0
2276,14,0.9166666666666666
2278,9,0.75
2279,5,0.4166666666666667
2280,9,1.0
2281,1,1.0
2282,1,1.0
2286,9,1.0
2287,9,0.5833333333333334
2288,5,0.4166666666666667
2289,9,1.0
2292,14,0.6666666666666666
2293,14,0.8333333333333334
2294,14,0.6666666666666666
2295,14,0.9166666666666666
2296,14,0.8333333333333334
2297,9,0.75
2298,14,0.8333333333333334
2299,14,0.9166666666666666
2300,14,0.8333333333333334
2301,14,0.9166666666666666
2302,14,0.6666666666666666
2303,5,0.3333333333333333
2304,14,0.8333333333333334
2305,14,0.9166666666666666
2307,14,0.5833333333333334
2308,14,0.8333333333333334
2309,14,0.8333333333333334
2310,14,0.8333333333333334
2311,9,0.6666666666666666
2312,1,0.8333333333333334
2314,14,1.0
2315,14,0.8333333333333334
2316,9,0.75
2317,14,0.9166666666666666
2318,1,1.0
2320,5,0.4166666666666667
2321,11,1.0
2322,14,0.8333333333333334
2323,11,0.9166666666666666
2324,14,0.8333333333333334
2325,14,0.8333333333333334
2326,14,0.8333333333333334
2327,14,0.5
2328,14,0.5833333333333334
2329,11,0.9166666666666666
2330,11,1.0
2332,14,0.8333333333333334
2333,9,0.5833333333333334
2334,9,1.0
2335,5,0.25
2336,9,0.5833333333333334
2337,1,0.9166666666666666
2338,5,0.9166666666666666
2339,5,0.9166666666666666
2340,14,0.6666666666666666
2341,5,0.9166666666666666
2342,14,0.8333333333333334
2343,5,0.9166666666666666
2344,9,0.5
2345,5,0.9166666666666666
2348,5,0.8333333333333334
2349,5,0.8333333333333334
2351,13,0.75
2352,15,0.9166666666666666
2353,15,0.9166666666666666
2354,13,0.75
2355,15,0.9166666666666666
2356,13,1.0
2357,15,0.9166666666666666
2358,15,0.9166666666666666
2359,15,0.9166666666666666
2360,13,0.6666666666666666
2361,15,0.9166666666666666
2362,13,0.8333333333333334
2363,13,1.0
2364,15,0.9166666666666666
2365,15,0.9166666666666666
2366,13,1.0
2367,13,1.0
2368,13,1.0
2369,13,1.0
2370,13,0.9166666666666666
2371,13,0.9166666666666666
2372,13,0.75
2373,15,0.9166666666666666
2374,13,0.75
2375,13,0.75
2376,13,0.75
2377,13,0.75
2378,13,1.0
2379,13,1.0
2380,13,1.0
2381,13,1.0
2382,13,0.75
2383,13,1.0
2384,13,1.0
2385,13,1.0
2386,13,1.0
2387,13,1.0
2388,13,1.0
2389,13,1.0
2390,13,1.0
2391,13,1.0
2392,1,0.8333333333333334
2393,1,0.8333333333333334
2395,1,0.9166666666666666
2398,13,1.0
2399,13,0.75
2400,13,1.0
2401,13,1.0
2402,13,1.0
2403,1,0.8333333333333334
2404,13,1.0
2405,13,0.75
2406,13,1.0
2407,13,1.0
2408,1,0.75
2409,13,0.9166666666666666
2410,1,0.8333333333333334
2411,13,0.8333333333333334
2412,13,0.9166666666666666
2416,13,0.9166666666666666
2422,1,0.8333333333333334
2423,15,0.9166666666666666
2424,13,0.75
2425,13,1.0
2426,13,0.75
2427,13,0.75
2428,13,1.0
2429,13,1.0
2430,13,1.0
2431,13,1.0
2432,13,1.0
2433,13,1.0
2434,13,1.0
2435,13,1.0
2436,13,1.0
2437,13,0.8333333333333334
2439,15,0.9166666666666666
2440,15,0.9166666666666666
2441,15,0.9166666666666666
2442,15,0.9166666666666666
2443,15,0.9166666666666666
2444,15,0.9166666666666666
2445,13,0.9166666666666666
2446,13,0.9166666666666666
2447,13,0.9166666666666666
2449,13,1.0
2450,13,1.0
2451,13,1.0
2452,13,1.0
2453,13,1.0
2454,13,1.0
2455,13,1.0
2456,15,0.9166666666666666
2457,15,0.9166666666666666
2458,15,0.9166666666666666
2459,15,0.9166666666666666
2460,15,0.9166666666666666
2461,15,0.9166666666666666
2462,13,1.0
2463,13,1.0
2464,13,1.0
2465,1,0.8333333333333334
2466,13,1.0
2467,13,1.0
2468,13,0.75
2469,13,1.0
2470,13,1.0
2471,13,1.0
2472,1,0.75
2473,13,1.0
2474,13,1.0
2475,13,1.0
2476,15,0.9166666666666666
2477,13,0.75
2478,1,0.8333333333333334
2479,15,0.9166666666666666
2480,15,0.9166666666666666
2481,13,0.75
2482,13,1.0
2483,13,1.0
2484,13,0.6666666666666666
2485,15,0.9166666666666666
2486,15,0.9166666666666666
2487,13,1.0
2488,15,0.9166666666666666
2489,15,0.9166666666666666
2490,13,0.75
2491,13,0.9166666666666666
2492,13,0.9166666666666666
2493,13,0.9166666666666666
2494,15,0.9166666666666666
2495,15,0.9166666666666666
2496,13,1.0
2497,15,0.9166666666666666
2498,13,1.0
2499,13,1.0
2500,13,1.0
2501,13,1.0
2502,13,1.0
2503,15,0.9166666666666666
2504,13,0.9166666666666666
2505,15,0.9166666666666666
2506,15,0.9166666666666666
2507,13,0.75
2508,13,0.75
2509,15,0.9166666666666666
2510,15,0.9166666666666666
2511,13,1.0
2512,13,1.0
2513,13,1.0
2514,13,0.75
2515,13,1.0
2516,13,1.0
2517,13,0.75
2518,15,0.9166666666666666
2519,15,0.9166666666666666
2520,13,1.0
2521,13,0.6666666666666666
2522,15,0.9166666666666666
2523,13,1.0
2524,13,0.9166666666666666
2525,13,1.0
2526,13,1.0
2527,15,0.9166666666666666
2528,13,1.0
2529,13,0.75
2530,13,1.0
2531,13,1.0
2532,15,0.9166666666666666
2533,15,0.9166666666666666
2534,13,1.0
2535,15,0.9166666666666666
2536,15,0.9166666666666666
2537,15,0.9166666666666666
2538,13,1.0
2539,15,0.9166666666666666
2540,15,0.9166666666666666
2541,15,0.9166666666666666
2542,15,0.9166666666666666
2543,15,0.9166666666666666
2544,15,0.9166666666666666
2545,15,0.9166666666666666
2546,13,1.0
2547,1,0.8333333333333334
2548,13,1.0
2549,13,0.75
2550,13,1.0
2551,13,1.0
2552,13,0.9166666666666666
2553,13,1.0
2554,13,1.0
2555,13,1.0
2556,13,1.0
2557,13,0.6666666666666666
2558,15,0.9166666666666666
2559,15,0.9166666666666666
2560,13,0.75
2561,13,0.75
2562,13,1.0
2563,15,0.9166666666666666
2564,15,0.9166666666666666
2565,13,0.75
2566,13,0.75
2567,15,0.9166666666666666
2568,13,1.0
2569,13,1.0
2570,13,1.0
2571,1,0.8333333333333334
2572,13,1.0
2573,15,0.9166666666666666
2574,15,0.9166666666666666
2575,13,1.0
2576,13,1.0
2577,13,0.75
2578,13,0.75
2579,13,0.75
2580,13,1.0
2581,13,1.0
2582,1,0.75
2583,13,0.75
2584,13,1.0
2585,13,1.0
2586,1,0.75
2587,13,0.8333333333333334
2588,1,0.8333333333333334
2589,13,0.6666666666666666
2590,13,0.9166666666666666
2591,9,0.8333333333333334
2592,13,0.9166666666666666
2593,9,1.0
2595,1,0.9166666666666666
2596,9,0.8333333333333334
2597,1,0.8333333333333334
2598,9,0.8333333333333334
2599,13,0.6666666666666666
2600,13,0.9166666666666666
2601,9,0.8333333333333334
2602,13,0.8333333333333334
2604,13,0.8333333333333334
2605,13,0.6666666666666666
2606,13,0.8333333333333334
2607,9,0.8333333333333334
2618,11,0.75
2619,9,1.0
2620,5,0.4166666666666667
2621,5,0.4166666666666667
2644,1,0.9166666666666666
2646,1,0.8333333333333334
2647,9,1.0
2648,1,0.9166666666666666
2649,1,0.8333333333333334
2651,13,0.9166666666666666
2652,1,1.0
2710,9,0.5833333333333334
2808,1,1.0
2809,5,0.4166666666666667
2813,9,1.0
2814,1,0.8333333333333334
2872,5,0.9166666666666666
2876,13,0.8333333333333334
2879,1,0.5833333333333334
2880,5,0.5
2881,13,0.8333333333333334
2882,9,0.9166666666666666
2883,9,0.5833333333333334
2884,9,0.5833333333333334
2885,5,0.4166666666666667
2886,14,0.75
2887,1,1.0
3005,9,1.0
3007,9,1.0
3009,1,1.0
3011,5,0.4166666666666667
3012,14,0.8333333333333334
3013,1,0.8333333333333334
