date,method,K,N,min_size,AVI,AVU,MQ,Q,SW,CH,S_Dbw,CH_per_N
2023-01,Leiden,8,2016,106,0.8790906587505388,0.479476248569275,0.031294707481217786,0.7245026066585897,0.15382257555048762,562.4833146509324,1.4997331580441808,0.27900958068002596
2023-01,KMeans,8,2016,109,0.8314327536189179,0.521451865535633,0.025189198556711385,0.6910892124151686,0.2026509683314088,704.2246202004968,1.6047708311657032,0.34931776795659564
2023-01,Ward,8,2016,147,0.8308916151421251,0.5225253226069223,0.025735813469990654,0.6829397508664984,0.14121812977803094,556.7684436342229,1.6515356628685665,0.27617482323126136
2023-02,Leiden,8,2016,108,0.8744427601531024,0.5249601277131895,0.03005187042904493,0.7190407579761021,0.11351568994718414,533.2319709088443,1.4587444547004023,0.26449998556986326
2023-02,KMeans,8,2016,106,0.8342478564517284,0.5244161593026624,0.025443977316768358,0.6927069837144891,0.20866001322877584,736.2100984665282,1.5860489514710152,0.36518358058855566
2023-02,Ward,8,2016,84,0.8224696017000344,0.5036173945663767,0.02815190097904339,0.6710741942548645,0.1371654856284975,602.0941675197645,1.5256827038590173,0.2986578211903594
2023-03,Leiden,8,2016,82,0.884733807194638,0.49127013707487044,0.031904112292903776,0.7316304270770175,0.1287106761411863,617.9039385417161,1.4660373471202166,0.3064999695147401
2023-03,KMeans,8,2016,101,0.8388471430897761,0.5234651781747033,0.026091383766869824,0.6962083949855236,0.2158304707252718,765.3309589645457,1.5075173627596752,0.3796284518673342
2023-03,Ward,8,2016,25,0.82833023901359,0.49496619018969495,0.044393608783125024,0.6803690347471459,0.1662537496589622,633.4363386419102,1.5709167248246927,0.3142045330565031
2023-04,Leiden,8,2016,104,0.87587618007195,0.5213460933747696,0.029102744471043666,0.7293818606180932,0.1250641120220252,605.7596345642198,1.5646242416428213,0.30047600920844236
2023-04,KMeans,8,2016,98,0.8386767513052426,0.5157888851776637,0.02644519567908644,0.6955352894262186,0.2173366601423919,802.2178479924218,1.4670460868547057,0.3979255198375108
2023-04,Ward,8,2016,89,0.8123628469886159,0.4921802021767334,0.028542859630501943,0.6649883555954702,0.1534401844804904,637.7705025406059,1.5447965494404738,0.31635441594276087
2023-05,Leiden,8,2016,104,0.8872736399516954,0.5107192743831084,0.029673332400383643,0.7376296356127813,0.12876590578366984,619.3759155804925,1.4783109042883646,0.307230116855403
2023-05,KMeans,8,2016,95,0.8443577383500507,0.5126986506582171,0.02690403261967813,0.7011396699649746,0.22185094284382506,826.197705041777,1.4348744976324923,0.40982029019929417
2023-05,Ward,8,2016,122,0.8420273765735143,0.5007587518545703,0.027545573084399932,0.6907190061316648,0.17468341253095054,694.5152862175769,1.5139604583678117,0.3445016300682425
2023-06,Leiden,7,2016,61,0.9032836827574668,0.49196963014040457,0.034026428159893776,0.726527770227731,0.17192505634115338,755.5075918958806,1.4259939514004647,0.3747557499483535
2023-06,KMeans,7,2016,103,0.8548051624219098,0.5158021544357007,0.024053608955940383,0.6951120328741519,0.23031972173701565,912.5253283831664,1.5577585926059436,0.45264153193609447
2023-06,Ward,7,2016,150,0.8500909312384054,0.5107499136891613,0.02462022673462088,0.6701930994909386,0.13400770862873973,722.8825734870352,1.4877446964913916,0.358572705102696
2023-07,Leiden,7,2016,68,0.9125384291655877,0.5053597604907012,0.034296969284316386,0.7250870158700988,0.18792539970091288,799.3262704120117,1.290986678688495,0.39649120556151374
2023-07,KMeans,7,2016,106,0.8599225663334652,0.5218236854339044,0.023700034510420652,0.7027711568762589,0.23248405602775896,958.4961648743207,1.5620542319644275,0.4754445262273416
2023-07,Ward,7,2016,58,0.8585894572404342,0.46949908704651655,0.03287986022979318,0.6802274966194202,0.20221277124394765,799.2441758828529,1.4233731288635387,0.39645048406887545
2023-08,Leiden,7,2016,67,0.9128365680528692,0.513238883920344,0.035217711278505814,0.7242264254910667,0.19458021901247502,808.4086730657722,1.3379587959359558,0.40099636560802193
2023-08,KMeans,7,2016,107,0.8648999757942571,0.5274577291054328,0.023761213017305625,0.7080167144962572,0.23721652700778634,994.9684509729278,1.5873333913103322,0.4935359379826031
2023-08,Ward,7,2016,140,0.8745609698144694,0.5226183716671199,0.023449569318096983,0.716898323269163,0.17055548099011134,831.2159208792149,1.5993124214597425,0.4123094845631026
2023-09,Leiden,8,2016,68,0.9036539290233928,0.507175962068782,0.03768292505903207,0.7298691335149075,0.1963184351509118,800.9998637961946,1.1337355516746264,0.3973213610100172
2023-09,KMeans,8,2016,100,0.8549715296956081,0.5089706357566162,0.02620811176218467,0.7202657394838033,0.22978247516142072,937.6793949100079,1.469468905978156,0.4651187474752023
2023-09,Ward,8,2016,52,0.8331664276858866,0.5165113770301435,0.036020857592124984,0.6966850301384544,0.20068346271592527,808.4200054253745,1.4475657292508401,0.4010019868181421
2023-10,Leiden,9,2016,67,0.8909382901570749,0.5183628646855598,0.03548428100003161,0.7523993201452717,0.17312849539854133,738.6279149775052,1.2387155542553678,0.36638289433407994
2023-10,KMeans,9,2016,68,0.8419650760906633,0.5270103278897377,0.03161073605794273,0.7219521817904705,0.23695486791206755,886.8668425142382,1.2773198097818756,0.4399141083899991
2023-10,Ward,9,2016,84,0.850445283931748,0.5084784146676447,0.03396226301445841,0.7143500325592571,0.15229432820285346,738.6146096383949,1.1775960573481568,0.3663762944634895
2023-11,Leiden,8,2016,112,0.8905547564992402,0.5408628739953273,0.028606361987460388,0.7412193186490618,0.14728376766497545,760.9603929689652,1.3948991939629467,0.3774605123853994
2023-11,KMeans,8,2016,99,0.8499921120579348,0.5124469738067294,0.026058176743424755,0.7159939986652534,0.2281470264478154,947.2207588593419,1.3876821418386855,0.46985156689451485
2023-11,Ward,8,2016,75,0.8605995988268361,0.49291923753714645,0.03175684086317613,0.70625016801557,0.1825095151483841,824.1927855800394,1.3112328026912965,0.4088257864980354
2023-12,Leiden,7,2016,151,0.882856950127729,0.5254615866497165,0.0242881631528068,0.7246200210828652,0.16820600070807837,809.6089468288972,1.6139491216903301,0.4015917394984609
2023-12,KMeans,7,2016,103,0.8638931423288305,0.5168149880666856,0.023979105906818076,0.7067895846296371,0.23864777335013948,1031.0027762276827,1.498807664144265,0.5114101072557949
2023-12,Ward,7,2016,176,0.863679158113091,0.5171044671919275,0.022477520234423513,0.7044513068962062,0.19090255633784428,836.4503538684868,1.583948249247328,0.41490592949825733
2024-01,Leiden,8,2016,61,0.8996921649784069,0.5234838662283671,0.036191281991815316,0.7372782139131859,0.17627472601004582,784.6020706323733,1.2470416193315503,0.3891875350358994
2024-01,KMeans,8,2016,97,0.8496495381545728,0.5264941874946314,0.026285802705104236,0.7139543284142938,0.22404342763991233,946.0424369101386,1.4243097034968404,0.46926708180066395
2024-01,Ward,8,2016,48,0.8334240483050183,0.49662257423455336,0.03412394116627209,0.69578865816686,0.15665596513060087,765.1825548947294,1.4340024742128672,0.379554838737465
2024-02,Leiden,8,2016,70,0.8990681594866892,0.4989925503938525,0.03381493299343233,0.7396270589743883,0.1724545342178601,779.7824407340321,1.244710832315167,0.38679684560219846
2024-02,KMeans,8,2016,91,0.8545249605896189,0.5327293975124261,0.026812237740196976,0.7188622238779803,0.22287269661749948,942.3087520629715,1.430468731009489,0.4674150555867914
2024-02,Ward,8,2016,89,0.844326254739848,0.5146888618453315,0.027212731648701586,0.702554955126775,0.18781060243831157,813.6802257547546,1.461370384507923,0.4036112230926362
2024-03,Leiden,7,2016,68,0.9136168859743574,0.5430332559703362,0.03520277280483891,0.7198613843630611,0.17349225368374743,797.1849373350337,1.3297661565620535,0.39542903637650484
2024-03,KMeans,7,2016,96,0.8622201210157349,0.5275630997799492,0.024657025739132775,0.7027171367103603,0.23208648341910465,1015.6488552843581,1.4964098637518066,0.5037940750418443
2024-03,Ward,7,2016,105,0.8637723559458372,0.4823208546275951,0.02463714743623125,0.699293040861764,0.1789159331624786,852.0465713138509,1.5031601207205643,0.4226421484691721
2024-04,Leiden,8,2016,68,0.8994153226985115,0.5000186807473526,0.03590906846621961,0.7314776966179187,0.17806565002267807,823.188209818592,1.1850530778499775,0.40832748502906346
2024-04,KMeans,8,2016,94,0.8508254493306697,0.5461708848820942,0.026784722502133464,0.7089352346919473,0.20591332424323466,956.5958665385295,1.357723279008069,0.4745019179258579
2024-04,Ward,8,2016,93,0.8326992254133442,0.5063774280963853,0.02609701755897232,0.6961369116733419,0.18978087729657314,829.0368079426113,1.4891669850012597,0.4112285753683588
2024-05,Leiden,9,2016,67,0.8831076211108145,0.5129090982759209,0.03625806351850219,0.7436390041425301,0.18558423112291747,765.8677415283713,1.2275849269437522,0.379894713059708
2024-05,KMeans,9,2016,60,0.8395409562913668,0.5345059745217982,0.03178165040005765,0.7150448705583968,0.21046890852077765,911.3365130761845,1.3158081117170277,0.4520518418036629
2024-05,Ward,9,2016,105,0.8119080445031124,0.5190808457199959,0.028056092756342684,0.697116805187214,0.16716432842834855,773.0527188933589,1.3893225828459759,0.3834586899272614
2024-06,Leiden,8,2016,112,0.8719175168977369,0.5210710032140602,0.02788342611908017,0.7309533766271407,0.1359090810700882,770.5482852464332,1.44800748321435,0.3822164113325562
2024-06,KMeans,8,2016,90,0.8468591721961569,0.5544380798455809,0.026428042231998846,0.7091352336015547,0.20578337921004952,988.6147350076986,1.3650329144802458,0.4903842931585807
2024-06,Ward,8,2016,137,0.8355868795221983,0.5305705229994867,0.025893526699179662,0.6862971414087906,0.16060772305774476,834.4508959970378,1.4646325744127573,0.41391413491916557
2024-07,Leiden,8,2016,61,0.8999286255708137,0.5092271799007438,0.03831661846193482,0.7293717405458786,0.20413788090094107,878.3620477222969,1.257197461258078,0.4356954601797108
2024-07,KMeans,8,2016,91,0.8506430523645212,0.5404764160830132,0.02682923810177298,0.7101974121105946,0.20811704804151884,1019.6397089762145,1.347697604616225,0.505773665166773
2024-07,Ward,8,2016,95,0.8297779227085216,0.4843244404484171,0.030139655047261238,0.6751469734699967,0.17998153892969868,844.115541219996,1.445393430071205,0.4187081057638869
2024-08,Leiden,8,2016,63,0.8951739588490729,0.4945859873721479,0.036273453181001204,0.7327712505968107,0.17458331799777443,854.822855580167,1.2799348628175258,0.42401927360127334
2024-08,KMeans,8,2016,89,0.8453693445255284,0.5350289331928809,0.026709553149515626,0.7043442196571579,0.21045496363173388,1047.7259707513067,1.3483451608415342,0.5197053426345767
2024-08,Ward,8,2016,88,0.8215705089385643,0.48711631875504036,0.02862044584076688,0.6833747535265862,0.15230933939989727,868.5791511419812,1.4279575023688493,0.4308428329077288
2024-09,Leiden,9,2016,63,0.8803135902831563,0.5206654761973915,0.035826137689392724,0.7430916519504217,0.15189507190054746,799.0465827161916,1.2858619370764168,0.3963524715854125
2024-09,KMeans,9,2016,83,0.8344983532812065,0.5295876255164427,0.02918364729289382,0.7130013993466562,0.2138908989705397,989.2325455054948,1.2917580820854233,0.49069074677851926
2024-09,Ward,9,2016,67,0.8375678658023752,0.5034537029508249,0.034906784604608804,0.7052552588665688,0.17540660368580757,826.1932095016016,1.2747919929597162,0.4098180602686516
2024-10,Leiden,7,2016,144,0.8950373306729124,0.5158578390600679,0.02438541406057286,0.7319804543545907,0.1714924268317335,927.4919504579519,1.561954978451344,0.46006545161604756
2024-10,KMeans,7,2016,104,0.8634543241747891,0.5417779807484753,0.02401420435904752,0.7061083145598208,0.22455674524439895,1141.5920352418937,1.492832330672596,0.5662658904969711
2024-10,Ward,7,2016,69,0.8804138318070277,0.521386903114847,0.03375845957273842,0.6892816975362207,0.18670460628024083,972.4400427542037,1.3212736164053391,0.4823611323185534
2024-11,Leiden,8,2016,61,0.9009162759403653,0.5223721280739404,0.03733902489050339,0.737826025985544,0.16505413330532304,833.9307694875688,1.228122452412344,0.4136561356585163
2024-11,KMeans,8,2016,89,0.8528558337850751,0.5381682137769075,0.026920141087864467,0.7145722851716545,0.2155899913527426,1062.0941245691672,1.3823158522813288,0.5268324030601028
2024-11,Ward,8,2016,56,0.8447063204770466,0.5141998906656264,0.03134570763294934,0.7106194304617396,0.18316245717064675,917.8165052337366,1.4878531040155827,0.4552661236278455
2024-12,Leiden,7,2016,61,0.9173342988102048,0.5391501780686089,0.035464005537090795,0.7333926546727512,0.18038869793100287,917.2087274178576,1.3509063057345927,0.4549646465366357
2024-12,KMeans,7,2016,106,0.8592128360298042,0.541409575703511,0.023774315437434614,0.701412170135181,0.22252053403152086,1134.378106317357,1.4970344784123983,0.5626875527367842
2024-12,Ward,7,2016,61,0.8638316055327626,0.535550535820562,0.032147591073267624,0.6895077778070764,0.21747355658919068,1004.0918010443999,1.486992709123954,0.49806140924821424
