date,cluster,size,Продовольствие,Здоровье,Маркетплейсы,Общественное питание,Транспорт,Прочие расходы,median_total
2023-01,0,447,0.4729055828819352,0.05714370530983521,0.09688722108314483,0.019324936247602325,0.06381750321603838,0.2899210512614442,18799.0
2023-01,1,356,0.4160090188151653,0.05380001826037028,0.0816735085761133,0.045993882395137436,0.06405118966274527,0.33847238229046844,24308.5
2023-01,2,344,0.4556422918662389,0.055415972420153385,0.1264972141208192,0.02642466920343658,0.059511630560804656,0.2765082218285471,20746.5
2023-01,3,276,0.531782334256392,0.059474932144931665,0.09790169921378362,0.01546685577745567,0.06257256705269372,0.23280161155474302,16822.0
2023-01,4,234,0.36113171378657827,0.060172439037678396,0.10296002788078625,0.0628595993246749,0.07721317078601914,0.3356630491842633,33678.5
2023-01,5,147,0.4668908001698194,0.04884956469051433,0.04767933791308632,0.02821436185598974,0.05995921397631987,0.34840672139427076,24300.0
2023-01,6,106,0.32014334497319297,0.06367841157007349,0.07714359272364332,0.08514845971820749,0.07166815007201656,0.38221804094286616,39148.5
2023-01,7,106,0.4659818317199457,0.05819555173828237,0.07428281962641581,0.03226120601337544,0.08270240866211023,0.2865761822398706,17839.5
2023-02,0,282,0.46307266139872627,0.06032118518561777,0.1083945041273484,0.0172901519441545,0.06575308187372352,0.28516841547042987,19708.5
2023-02,1,406,0.40956080760135927,0.05500315255320337,0.09419524365516456,0.04718863234502768,0.06396652993606562,0.33008563390917944,26219.5
2023-02,2,425,0.4663470009921343,0.05452871554253341,0.12669239171574226,0.02265139660158323,0.055328869289727016,0.27445162585828,21555.0
2023-02,3,148,0.5314267232175636,0.058781707217576334,0.11126862095720157,0.013364547266150594,0.060782430681659935,0.22437597065984802,18320.0
2023-02,4,149,0.34753560374489384,0.0607289810469252,0.09905699924533336,0.06930260224363413,0.07488427949019373,0.34849153422901974,37766.0
2023-02,5,244,0.49700214563905826,0.05222669661636214,0.05773902245760274,0.023061465665938204,0.058147165241209435,0.31182350437982914,22668.0
2023-02,6,108,0.32025180768858547,0.06479182890935763,0.07922862837273119,0.08402369398290584,0.07084569714634384,0.38085834390007567,39603.0
2023-02,7,254,0.4530945393296795,0.058269048560116714,0.07735742719892591,0.027715238080527824,0.0710964692476067,0.31246727758314335,19517.5
2023-03,0,363,0.47180824506411084,0.05939205863938215,0.13356833336229038,0.015620991870034065,0.05774059650145686,0.2618697745627255,20942.0
2023-03,1,372,0.4143663077894239,0.05430954979726974,0.0858096144475292,0.043531222861369775,0.06110027105887108,0.340883034045536,27498.0
2023-03,2,184,0.4451983352411358,0.054624165855529885,0.12283475603365342,0.029534321294300437,0.05461435473113916,0.2931940668442415,25303.0
2023-03,3,236,0.5282474539976644,0.057254172128227865,0.09108896147381562,0.015202232962323276,0.05914957321063473,0.24905760622733447,19912.0
2023-03,4,271,0.36073691529982366,0.060901946070309465,0.10663593418624448,0.06144681409348834,0.07310263299945262,0.33717575735068184,37687.0
2023-03,5,138,0.4707667715481983,0.046613684680233275,0.04526394159717205,0.027532692742459904,0.05469811580111197,0.35512479363082433,30032.5
2023-03,6,82,0.3081784188263379,0.06630946077586179,0.08097504532308367,0.08645236603226,0.06982922460628602,0.38825548443617086,45590.0
2023-03,7,370,0.47033346868535675,0.054932133434676865,0.09184536065533312,0.023898352142742232,0.06360689417872194,0.29538379090316874,22167.0
2023-04,0,482,0.4997771694789609,0.054298533751243584,0.12391734785384949,0.015802042725770148,0.05463848698250381,0.2515664192076722,19347.0
2023-04,1,334,0.4180571905059669,0.05269555858271025,0.0897410686674922,0.0446640668552623,0.05756894481080521,0.3372731705777627,26867.5
2023-04,2,269,0.4447655214207411,0.055443077228728745,0.12430272904540234,0.02371981856437324,0.058047030850417035,0.2937218228903377,21202.0
2023-04,3,209,0.5120063725406439,0.05567298710332117,0.08344908636572723,0.01609328655825854,0.06294046275981055,0.26983780467223833,18302.0
2023-04,4,250,0.36223918887076895,0.05946379289590214,0.10949214978037407,0.06006145617262467,0.07456093826212971,0.33418247401820056,37472.0
2023-04,5,180,0.4727172569910226,0.047761249277497884,0.05548427800947404,0.02532277967896029,0.0523430305207002,0.34637140552234513,25251.0
2023-04,6,104,0.3150889673132686,0.06562236353383286,0.0814396622865642,0.08422544722989543,0.07033467467269171,0.38328888496374725,43643.0
2023-04,7,188,0.4607379515645899,0.055795350517052276,0.07782185402709714,0.02923803070986092,0.06851362285085157,0.3078931903305483,19156.0
2023-05,0,361,0.5074795225877763,0.054891163596554875,0.12627554812218394,0.01413440647708411,0.05815728902851668,0.2390620701878842,19284.0
2023-05,1,213,0.4192923702189074,0.051105251825404444,0.093101715225693,0.04572249737540352,0.05780631246787031,0.3329718528867213,28161.0
2023-05,2,416,0.4637241883554435,0.05147276656028486,0.1218583039352335,0.021020170265427837,0.05316039892765217,0.28876417195595855,21782.0
2023-05,3,153,0.5308114669951796,0.05449451471442932,0.07847514658072556,0.015225204837855584,0.05644432626914852,0.2645493406026613,18340.0
2023-05,4,266,0.3674486504719509,0.05775121726212017,0.11087011682561343,0.05867825866133205,0.07475973594663306,0.3304920208323502,38156.0
2023-05,5,190,0.44989522148421135,0.04690392499988849,0.051367237032865706,0.03730682880219762,0.05755977340680554,0.3569670142740312,30869.0
2023-05,6,104,0.3149441471017701,0.0647309120366851,0.08175392106814441,0.0848268340257058,0.07081177490906704,0.3829324108586279,44403.0
2023-05,7,313,0.4622604386761748,0.0529349901634165,0.08375096370069807,0.026662921559061404,0.061749893700266276,0.3126407922003825,20814.0
2023-06,0,382,0.5205311503811378,0.0529518540480071,0.12375685220995516,0.013187469844334984,0.05587886786931145,0.23369380564725342,19074.0
2023-06,1,358,0.42263968220595366,0.05104869186634773,0.09447145539495576,0.04403318175327859,0.059241795216248526,0.32856519356321645,27216.5
2023-06,2,338,0.46350828939211675,0.05114514746710499,0.1281180087173301,0.021670148229828295,0.05315536330140182,0.28240304289221807,21636.0
2023-06,4,270,0.35417313883387047,0.05858457610888748,0.10432345667716385,0.06556831314640779,0.07484753461472748,0.342502980618943,39373.0
2023-06,5,175,0.46422258841046526,0.0451887674678013,0.04831598463595278,0.03071670744494653,0.055544066263356506,0.3560118857774779,30069.0
2023-06,6,61,0.29929721684828126,0.06534820348589103,0.08073710201055842,0.08989873036239626,0.07065118376790971,0.39406756352496336,48565.0
2023-06,7,432,0.48654391352009013,0.0502596275998233,0.08608002334301813,0.02257850782299262,0.06191287666815023,0.29262505104592534,20093.5
2023-07,0,349,0.5255631320241454,0.05005515394198814,0.12932088290293153,0.013891753259999456,0.05413912010947296,0.22702995776146256,19893.0
2023-07,1,435,0.41213814220120426,0.0500573402298019,0.09984496728675075,0.0471756491594126,0.06284913100934753,0.32793477011348326,29422.0
2023-07,2,394,0.4706615533929746,0.04979914953424793,0.1275555113353583,0.021122193946146773,0.05469584361199812,0.27616574817927425,22047.5
2023-07,4,181,0.34151431120754433,0.05791601156105086,0.09831700116010718,0.07348592347169125,0.0755155288127161,0.3532512237868902,42750.0
2023-07,5,150,0.4733436726214945,0.04189092737863041,0.0473595889024012,0.029502953270265198,0.052435018370892456,0.35546783945631594,30820.0
2023-07,6,68,0.29836648266385735,0.06378719360146973,0.08228434855038555,0.09045481297608655,0.07155497255535007,0.3935521896528508,49410.0
2023-07,7,439,0.4892252108842233,0.04734461214057519,0.08745553240679721,0.022287574557287256,0.06029441505225262,0.29339265495886474,20936.0
2023-08,0,496,0.5131305238748143,0.049074458219189224,0.13115624347885446,0.01383681658012609,0.055281104290563314,0.23752085355645283,20286.0
2023-08,1,391,0.4080713601229118,0.048515309174735344,0.09976167771980865,0.05034234269127021,0.06474349660314109,0.32856581368813287,30675.0
2023-08,2,300,0.4639421606134634,0.045266903438984804,0.1288773078446563,0.02728760406999394,0.05314511652310128,0.28148090750980054,24250.5
2023-08,4,182,0.3374391821159471,0.056729324935932385,0.09977771217834124,0.07477608251290511,0.07711385729382389,0.35416384096305054,43533.0
2023-08,5,133,0.46820406825367267,0.04020825491682324,0.04657093013638715,0.03300489484227281,0.05252586648633946,0.3594859853645044,33803.0
2023-08,6,67,0.29411015141462277,0.06267317736053972,0.08338375056562924,0.09176681902021032,0.07263526320499383,0.39543083843400406,50925.0
2023-08,7,447,0.4902356248131719,0.045761504521355176,0.0881340694575016,0.022487901020419143,0.06040563797209423,0.29297526221545767,21106.0
2023-09,0,295,0.4986135103882384,0.04790252257661151,0.14911367853737012,0.013899501581503782,0.055230213681755055,0.23524057323452086,19654.0
2023-09,1,355,0.40638615336028366,0.04768864852904173,0.09985148910765411,0.05327939699601963,0.06740379962487066,0.32539051238213024,29654.0
2023-09,2,243,0.4456379430384423,0.04718466616196092,0.1389170910795274,0.028821626479552297,0.06122857549196555,0.27821009774855143,22691.0
2023-09,4,183,0.334573690673055,0.055893924399521226,0.10304091390005128,0.07555152210262162,0.07882711302560357,0.35211283589914727,41811.0
2023-09,5,104,0.4693181459590346,0.03896195647872452,0.04210556580656059,0.035579733591245784,0.05333262165126056,0.3607019765131738,31961.5
2023-09,6,68,0.2923086991921961,0.06159039792306298,0.08565163436637055,0.09287048220756869,0.07380906128954515,0.3937697250212566,48938.5
2023-09,7,588,0.489202288793496,0.0440589571445798,0.09574036968751945,0.02273400653684186,0.05670491756696176,0.2915594602706008,20237.0
2023-09,8,180,0.5525587753227568,0.046873827242105155,0.11230421654437232,0.013525758119759673,0.05422373067696584,0.22051369209404012,18122.0
2023-10,0,220,0.4946232629986526,0.048357412902658256,0.16605100639688916,0.014329388925559745,0.05390516336090975,0.2227337654153308,19929.5
2023-10,1,194,0.38275937891446565,0.05020346542612423,0.10722893562665844,0.059713659428298926,0.07516278749129832,0.32493177311315463,34012.5
2023-10,2,320,0.4760462110160115,0.04575419764696361,0.13453048893626476,0.021057456487032982,0.05419279317251012,0.2684188527412169,21274.0
2023-10,4,186,0.3300463633723671,0.05557165757387533,0.10876393425701834,0.07532811642992354,0.07905315825436512,0.3512367701124506,43726.5
2023-10,5,145,0.4729407738025843,0.040525419649533156,0.05200306353742237,0.03218705793018472,0.052795889594135906,0.3495477954861394,28905.0
2023-10,6,67,0.28881897308855925,0.061154313980145106,0.09000958011617238,0.0926921986470856,0.07404231328266649,0.393282620885371,51357.0
2023-10,7,281,0.4649855574618917,0.04379675754642365,0.10128097234017988,0.023312557510269404,0.06393992260244817,0.3026842325387876,21220.0
2023-10,8,313,0.536785797483373,0.04613731305630665,0.11068281667210633,0.015851448114693144,0.05627069550613611,0.23427192916738443,18169.0
2023-10,9,290,0.431688370265949,0.04604174778694438,0.1165290170024953,0.04219017165925935,0.05956814934164676,0.3039825439437057,27776.0
2023-11,1,285,0.40155806863323945,0.04737563357138057,0.12051196458660188,0.051051434398929396,0.06600872328319403,0.3134941755266545,31297.0
2023-11,2,370,0.47221751457728484,0.047738635795718375,0.1516983376445026,0.018626778548971882,0.05315826203047358,0.25656047140304894,21230.0
2023-11,4,188,0.3409090794381816,0.054356729417580095,0.11550874198920688,0.07023228074184316,0.07869642719484403,0.340296741218344,41705.5
2023-11,5,167,0.45791476121993224,0.041853163646222206,0.060438623366892055,0.035780810282953913,0.05560877261915393,0.3484038688648455,29251.0
2023-11,6,112,0.29572104932990007,0.05979459085209867,0.10253853298654972,0.08723996555955671,0.07443460763806665,0.38027125363382835,49571.0
2023-11,7,217,0.4778616279686613,0.04498088918164371,0.102336460008132,0.02246027499473001,0.0687889337086219,0.2835718141382113,19878.0
2023-11,8,383,0.5213515799912588,0.04740829738577457,0.14700548615092657,0.01411619850282017,0.054862510677922076,0.2152559272912974,19792.0
2023-11,9,294,0.44799414924019143,0.045651140546248734,0.13315747085166918,0.030283927382867355,0.056523000053963,0.28639031192506026,24703.5
2023-12,1,273,0.4012434487258108,0.04715228579831538,0.12820274070760332,0.04909401317374916,0.06483607981065012,0.3094714317838712,36517.0
2023-12,2,248,0.48693470871094685,0.04447574105863303,0.13917124496910896,0.021623626899669027,0.04682706286080733,0.26096761550083475,25747.0
2023-12,4,257,0.315092718659571,0.056971791246451124,0.12213772239391787,0.07583550660205828,0.07564516036892835,0.35431710072907335,52898.0
2023-12,5,151,0.40886027677907577,0.044521464195633194,0.07579156546402545,0.05001897540206482,0.062400914329966854,0.35840680382923384,40754.0
2023-12,7,391,0.4729375444577711,0.04457059308745634,0.10908383917614145,0.02165122174141525,0.06151419266215086,0.2902426088750656,26158.0
2023-12,8,530,0.4986485851440959,0.048243384093716285,0.16430345399842586,0.013532431288648172,0.05383593902926015,0.22143620644585363,24093.0
2023-12,9,166,0.4252849510809563,0.049792651038081656,0.16069329440536462,0.032953550348926185,0.0587678120289241,0.2725077410977474,30466.5
2024-01,1,195,0.3769235667367839,0.05196551566438909,0.13339032938053041,0.05482352666216652,0.07285871605107468,0.3100383455050553,30967.0
2024-01,2,406,0.4654012173985569,0.04842539153106341,0.16460048130658553,0.019655038545867587,0.049820991138102254,0.2520968800798241,19941.5
2024-01,4,196,0.32496357398583325,0.05704518236767851,0.13182940085123032,0.0711992509002991,0.07586002306397015,0.3391025688309885,41528.5
2024-01,5,161,0.4530554598720416,0.043151774545597474,0.06949068126313358,0.032956794438900386,0.05617031537286968,0.34517497450745716,27626.0
2024-01,7,231,0.4963739260290463,0.04839591505125142,0.11491365373910625,0.01825903895652442,0.05763254581482777,0.2644249204092434,17905.0
2024-01,8,371,0.507268983083778,0.05090407565469126,0.16775525304981279,0.01219409500186726,0.05390862613818878,0.20796896707166193,17921.0
2024-01,9,395,0.43070373867875617,0.046937768776671246,0.13497991145954755,0.03381395293895254,0.05897519229258069,0.29458943585349234,24447.0
2024-01,10,61,0.2832192790547738,0.061965693792390426,0.10920884639573389,0.08763943439993681,0.07084416786682148,0.3871225784903437,49798.0
2024-02,1,313,0.3937271277984133,0.05077303642944715,0.13570717992051182,0.04958745798144738,0.06367254297917008,0.3065326548910101,31910.0
2024-02,2,353,0.46025182404655235,0.0534944625900928,0.19535529854045489,0.014790683108482687,0.052649230852697744,0.22345850086171976,21163.0
2024-02,4,186,0.32851949407999537,0.0573771979483113,0.1356970790651168,0.07011133098689683,0.07409279524069494,0.3342021026789849,43941.5
2024-02,5,174,0.45565134675930113,0.04430979509559857,0.07692900636251422,0.03026913455406748,0.05573495786338745,0.3371057593651311,29962.0
2024-02,7,369,0.4846707215805925,0.047476313627854025,0.145956980177672,0.016533089009070984,0.049110839792872944,0.2562520558119372,21798.0
2024-02,8,197,0.5379974815451425,0.049984871087714815,0.14336051280284814,0.012209900041199241,0.05042512212901512,0.2060221123940801,19351.0
2024-02,9,354,0.44367215169068064,0.04992232075417951,0.14274499831623724,0.02751918025105211,0.05953633237856233,0.2766050166092884,23906.5
2024-02,10,70,0.2871434540890497,0.06242065297313443,0.11399064196747152,0.08606413351909932,0.06931506839893926,0.38106604905230596,51003.5
2024-03,1,242,0.3611652595458627,0.05469674511114166,0.15063888643822687,0.05352826734780309,0.07131390196947017,0.3086569395874953,37798.0
2024-03,2,532,0.49084033577508496,0.05219083767409545,0.18112690980209023,0.012523615927585413,0.04957189024824211,0.21374641057290225,22536.5
2024-03,4,139,0.3299517780939615,0.05820301426217257,0.13215897902717036,0.07235552164017102,0.07025009904575577,0.3370806079307687,49036.0
2024-03,5,204,0.4568763545081774,0.04590542082921113,0.08610455880397673,0.028945692208635746,0.056459989850537455,0.325707983799462,31310.5
2024-03,7,424,0.48328838191763007,0.047831102533870795,0.14860994715245074,0.01733484617097558,0.04749535983463123,0.2554403623904412,24009.5
2024-03,9,407,0.42744362499518046,0.04833627532369915,0.14684571463905738,0.03348438803598736,0.05625318309678066,0.287636813909295,29660.0
2024-03,10,68,0.286448043190484,0.0630332134974968,0.11627990421410994,0.08535276969500151,0.06752216660017563,0.3813639028027323,56579.0
2024-04,1,307,0.3784172435299222,0.05263674305641075,0.14423526917330465,0.05092338519052025,0.0671994882143634,0.3065878708354793,34759.0
2024-04,2,343,0.46108215591474444,0.05226038761192188,0.19918829621087558,0.013484909312578973,0.04876917546233,0.22521507548754885,23016.0
2024-04,4,158,0.3317580061288505,0.05820465391113804,0.13453154991744037,0.07180700218970917,0.06981025218645132,0.33388853566641086,47835.5
2024-04,5,129,0.44077515677364165,0.04192198459195818,0.0801054400332902,0.034536077029526706,0.054548298369136834,0.3481130432024465,37251.0
2024-04,7,486,0.4825764421335479,0.04848897987375646,0.14451616595648684,0.016950563004980247,0.048362919436721184,0.25910492959450765,23530.0
2024-04,9,312,0.4340269392269347,0.04790986008203546,0.15236748673070985,0.03092860607351718,0.054037871583242775,0.28072923630355995,28247.5
2024-04,10,68,0.2868233435948719,0.06352559928560553,0.11671600503147962,0.08606674030049637,0.06693188290478762,0.379936428882759,55589.0
2024-04,11,213,0.534090825485044,0.05019187636697398,0.15589589821358074,0.011682904373982197,0.04828745159892112,0.1998510439614981,21531.0
2024-05,1,181,0.382134994521459,0.05171151483137573,0.13678607475957044,0.05489253811733266,0.06923299832662767,0.30524187944363473,36471.0
2024-05,2,220,0.451728686604773,0.050386599700845476,0.17978147494123814,0.02187552432553969,0.04957209117259481,0.24665562325500887,24540.5
2024-05,4,189,0.33237594082260463,0.05777766016007425,0.1347307493754647,0.07155095939326146,0.07169650778463198,0.33186818246396316,48613.0
2024-05,5,119,0.4431734889833982,0.039767471835865695,0.07928164660652438,0.03664100951856176,0.052428773364480805,0.3487076096911693,38395.0
2024-05,7,272,0.4733289568859341,0.04549979627674912,0.15285342088082,0.016039739390478154,0.041474363974633964,0.27080372259138463,24585.5
2024-05,9,333,0.42929993349232637,0.04805418560572297,0.14474369013708932,0.03592188609606702,0.056047520998088546,0.28593278367070585,29989.0
2024-05,10,67,0.2887626455555887,0.06333948515498966,0.11281559905336894,0.08827496636832849,0.06731775062583667,0.37948955324188755,56546.0
2024-05,11,389,0.5013702500358677,0.05099192912175474,0.18248686434491349,0.011303090199083399,0.04850535439046925,0.20534251190791175,22326.0
2024-05,12,246,0.5034816872859502,0.04922046404253564,0.11975058462570197,0.016572303359145748,0.05536310069028748,0.25561185999637925,21985.5
2024-06,1,347,0.360567802889958,0.054246439587578486,0.14018346615080374,0.06182360725438449,0.07221402465289933,0.31096465946437585,41912.0
2024-06,2,238,0.46067530688321084,0.047910982331156066,0.16427833739705894,0.02713068351630922,0.05015953201698352,0.2498451578552815,26657.5
2024-06,5,160,0.459970860984638,0.040654667222836345,0.0890558570886461,0.03178105038507273,0.04953021474260026,0.3290073495762063,35040.0
2024-06,7,329,0.471437100818348,0.04576497696744662,0.13948369884536424,0.020723229204680744,0.05176435488537455,0.2708266392787859,25090.0
2024-06,9,237,0.4269021604199134,0.047908198204850566,0.12896661047510138,0.040145538447590876,0.05674429436460021,0.2993331980879434,31450.0
2024-06,10,112,0.2976296272649576,0.06188864699053006,0.11399450418905355,0.08827025931764727,0.06984428509838246,0.3683726771394289,54653.0
2024-06,11,382,0.5187783590793776,0.048157138970450146,0.16794922953896638,0.012808594971754779,0.046378610424103565,0.20592806701534727,22481.5
2024-06,12,211,0.45846287552323334,0.05220155631880388,0.1818222292635541,0.01236714591759162,0.05327325301585934,0.24187293996095746,22845.0
2024-07,1,176,0.3796475487299689,0.05029134110958062,0.13521764682445253,0.058683947888580695,0.07184055899578452,0.3043189564516328,38338.5
2024-07,2,207,0.42863380798132383,0.04714065297010728,0.18052006166085302,0.028993269156032894,0.053503111387633515,0.2612090968440497,28751.0
2024-07,5,117,0.4420937937501642,0.03806256134032304,0.08324293353817919,0.03929414964542745,0.05116760960034751,0.34613895212555845,41951.0
2024-07,7,428,0.4826640471561836,0.044019569468069314,0.14261487966460326,0.01930360819477223,0.049166937829397156,0.2622309576869746,25025.0
2024-07,9,325,0.4331842216628595,0.04553236376256601,0.1344496072017858,0.03795029489553259,0.05680914673350347,0.2920743657437526,30514.0
2024-07,10,61,0.2816071537102217,0.06263056709608009,0.10892848596152511,0.09429483349250774,0.0695312185579989,0.3830077411816665,60506.0
2024-07,11,509,0.5027631276489207,0.04735340912447221,0.17684755871707641,0.013113993612466731,0.0488227232722453,0.21109918762481825,22999.0
2024-07,13,193,0.32738450556484217,0.056357494573466914,0.13109172468748986,0.07657991839500736,0.07416883025533695,0.3344175265238568,49986.0
2024-08,1,268,0.3834996768173709,0.04889415588111537,0.14152834578295398,0.05529989251292086,0.07008322853206206,0.300694700473577,36626.0
2024-08,2,362,0.4594465504613745,0.04416847867821565,0.1745299237418698,0.021132506090110376,0.05212298173494096,0.2485995592934887,25390.5
2024-08,5,124,0.4233041210680571,0.0396700760297686,0.09249364188990382,0.041325591174848436,0.053472176220351955,0.34973439361707015,39091.0
2024-08,7,256,0.47793054313402317,0.04077749353074853,0.13510441022857195,0.01968763259801638,0.046267788468070566,0.2802321320405695,26117.0
2024-08,9,337,0.4378659449095767,0.04344108405131338,0.1431751572364739,0.03660647110908127,0.05783215899042797,0.28107918370312657,30016.0
2024-08,10,63,0.2783322194356102,0.06108251958683588,0.1082197200503025,0.09591406793151336,0.07095548727476624,0.38549598572097177,59845.0
2024-08,11,421,0.5063259466367764,0.044980931052039645,0.17820795219040467,0.013591998062530291,0.048717243271704576,0.20817592878654476,23190.0
2024-08,13,185,0.3237211916158101,0.05462214168459498,0.12983868265787157,0.07857578651190444,0.07574325667309441,0.3374989408567245,50624.0
2024-09,1,173,0.37480614364377984,0.04845129244653888,0.13839916735290983,0.06045742557512055,0.07443474494022148,0.30345122604142916,36367.0
2024-09,2,390,0.4462882105508008,0.04386677070460684,0.17622320738244782,0.023210204121285875,0.052903022717839567,0.2575085845230195,23687.0
2024-09,5,240,0.4161110174607794,0.04076065351889526,0.1126934343782173,0.047462575855160366,0.05426461116368543,0.3287077076232627,35185.0
2024-09,7,179,0.5049271250109971,0.0399379568341079,0.15508333766526047,0.016349465424601545,0.04254991079873172,0.24115220426630138,22019.0
2024-09,9,238,0.42592635550089303,0.044679656831595735,0.1518784605013542,0.03637181280182084,0.05794749359409246,0.283196220770244,28091.0
2024-09,10,63,0.2749272874272586,0.06044332531260193,0.10866829078097534,0.09697078193905112,0.07232364681537223,0.38666666772474056,57193.0
2024-09,11,336,0.4943408080385017,0.04572389653171184,0.1909553824233259,0.013911049231350442,0.05079611749320549,0.2042727462819045,21466.0
2024-09,13,190,0.3206684962957194,0.0543407110958062,0.1324131843035991,0.07887108494277711,0.07752554498616974,0.33618097837592836,47684.5
2024-09,14,207,0.47993433837667443,0.04360096604450827,0.1311724758730458,0.02124619068901366,0.06215329862335088,0.26189273039340694,21609.0
2024-10,1,230,0.38156107688055896,0.04860666230400583,0.1390169447356818,0.05770102984601515,0.07179353779529792,0.30132074843844026,36436.5
2024-10,5,215,0.4216563217488299,0.03895439846706513,0.1125101520158919,0.04297444367952318,0.05116286514624289,0.33274181894244675,37769.0
2024-10,7,144,0.5207859932276622,0.04418044957983248,0.16140915477632234,0.014176388207383928,0.05371198692653542,0.20573602728226387,21684.5
2024-10,9,255,0.4123915887437012,0.04567050340773196,0.1768283432801702,0.03549021002038975,0.05865936857106188,0.270959985976945,29297.0
2024-10,11,481,0.46735862194955186,0.044724355146410696,0.19798881462145299,0.016458404696138625,0.04909619112298994,0.22437361246345558,23628.0
2024-10,13,252,0.3062945343336966,0.05549807051184151,0.12840234992299462,0.08389084249929565,0.07637743633300435,0.3495367663991673,51973.0
2024-10,14,439,0.46359401122818533,0.04305885155173099,0.14701588861822615,0.024256656115067495,0.05742974787549052,0.26464484461129956,24124.0
2024-11,1,177,0.36407357857991296,0.05003065667323938,0.14698187179642755,0.06036798972783636,0.07361279851052932,0.3049331047120545,39172.0
2024-11,5,444,0.4244654745097086,0.042420547143276574,0.13260908025889193,0.03830546827215171,0.05718563018001851,0.3050137996359527,30825.5
2024-11,7,136,0.5150436874958901,0.04473760278060335,0.1717981695097394,0.01388856320817677,0.05272659625491468,0.2018053807506759,21666.0
2024-11,9,225,0.40177363192665605,0.04652961062554246,0.1878025777531911,0.036011591583429696,0.06282202130035665,0.2650605668108239,28593.0
2024-11,11,403,0.46042389519834803,0.045998882921123335,0.2112459100791383,0.015967542384873117,0.04970059958962723,0.21666316982688977,23407.0
2024-11,13,192,0.31314301234722014,0.05435926491864385,0.13953499791130367,0.07868721692554034,0.07721998622430436,0.3370555216729875,50603.5
2024-11,14,378,0.45902180623414607,0.04249438235448868,0.16761989649722717,0.02022174310038736,0.0507605260040018,0.25988164580974893,23974.5
2024-11,15,61,0.267157955196362,0.06041807923070302,0.11509927584058068,0.09586090970103146,0.07233324002563446,0.3891305400056884,61972.0
2024-12,1,193,0.361237547731289,0.04868640687286433,0.15515253841931298,0.05813632288797239,0.07206464124553758,0.30472254284302364,45845.0
2024-12,5,364,0.4237766972328648,0.043176629135273786,0.13243003639650877,0.03580819325409644,0.058618647811885534,0.306189796169371,37145.5
2024-12,9,285,0.3969878766054118,0.045386981128865474,0.19223796235114052,0.035271796182006446,0.05519982182404217,0.27491556190853333,35161.0
2024-12,11,477,0.4704311442734381,0.04603168149426587,0.2091017950216663,0.013629766426172491,0.051020975965257696,0.2097846368191994,26850.0
2024-12,13,191,0.3114158747245771,0.05428224511791101,0.14604888788455989,0.07592039882693066,0.07532230695371607,0.3370102864923054,59521.0
2024-12,14,445,0.45267786950749506,0.042745169436734384,0.1819262557842247,0.01979539756036527,0.048692273613542864,0.25416303409763713,28925.0
2024-12,15,61,0.2664832969569488,0.060128405227782226,0.12110217778068456,0.09240483305056121,0.07068446972216887,0.3891968172618544,70842.0
