repeat,K,N,min_size,AVI,AVU,MQ,Q,SW,CH,S_Dbw,CH_per_N
0,7,2016,61,0.13975928846009353,0.4890137892331226,-5.334385307353539e-05,-0.0033188255314013084,-0.07141151932379457,2.046103791261703,2.515967521521473,0.0010149324361417177
1,7,2016,61,0.14468738901564543,0.49051772717404835,6.435917139478893e-05,0.0026118664606884917,-0.07704051938956138,1.3278738865813393,2.503862935656963,0.0006586676024709024
2,7,2016,61,0.14465281665805738,0.4870217331889591,6.610925151160057e-05,0.0012517622620491441,-0.030575254584405513,0.927399681020325,2.5001912080510356,0.0004600196830457961
3,7,2016,61,0.14095218256369962,0.4892430440176149,-5.1504223356329485e-05,-0.002259735898226079,-0.04592993599742496,1.0191784296306927,2.533359430417705,0.0005055448559676055
4,7,2016,61,0.14391432025083448,0.4881504716123385,8.77134097462518e-05,0.0019007258496911814,-0.04409894819879132,0.42943479128266837,2.5046607125393923,0.00021301328932672042
5,7,2016,61,0.1465412334057893,0.4868835431177624,0.0004889391753065335,-0.0010605583474165537,-0.059691284486683274,0.7282123635796822,2.5149579840920246,0.00036121645018833445
6,7,2016,61,0.1411049880385272,0.48633898712094153,-3.893749498874244e-05,-0.0020004730280520234,-0.0357554724914578,0.4744293544424301,2.5277593475213473,0.00023533202105279272
7,7,2016,61,0.1386779442829194,0.4876908612756923,-0.00010579555534564068,-0.005606282763912715,-0.06320104060312276,1.0609304609355672,2.525218424577939,0.0005262551889561345
8,7,2016,61,0.14051473314097498,0.48796719829294577,4.590576321395184e-05,-0.0038183680680204434,-0.06444176957161087,0.5557642747186502,2.5296136345521782,0.000275676723570759
9,7,2016,61,0.14013605419181333,0.4893601558641714,-0.00013068220217996116,-0.001371015878449609,-0.039514482375722235,0.8423204907060408,2.5057095811176042,0.0004178177037232345
10,7,2016,61,0.14289211814183386,0.489854021568129,-2.2698948949963563e-05,0.0007862080103059452,-0.06189218038281513,1.1241803185924653,2.5154275522731817,0.000557629126285945
11,7,2016,61,0.14254590670213174,0.4903635505840858,-1.789701588390683e-05,-0.0002835844094863469,-0.05237703474860873,0.5354179728799872,2.5343294477534277,0.0002655843119444381
12,7,2016,61,0.1424093572151562,0.4887967781472734,0.00010825486498561906,-0.001251591437591488,-0.05395619253180823,1.0290152606017167,2.5035876543908806,0.0005104242364095817
13,7,2016,61,0.14066206745456294,0.4879658112996493,5.632552176961913e-05,-0.004719911087335807,-0.036274869355156045,0.6180674205971078,2.525731464320854,0.00030658106180412095
14,7,2016,61,0.1408012367996937,0.48741777211711196,-5.8624866950949574e-05,-0.0018455432245510865,-0.043134923408918134,0.9221348388539565,2.536748144319927,0.00045740815419343083
15,7,2016,61,0.14223420453406313,0.4878608973099366,-3.091721152506796e-05,-0.000791795381312724,-0.07782629352239738,1.3357132968227066,2.501630787907265,0.000662556198820787
16,7,2016,61,0.13795003785834706,0.4866507094346105,-0.00017626834756336767,-0.005381144206074335,-0.03815918384629174,0.8302271395617462,2.533625741448351,0.00041181901763975506
17,7,2016,61,0.1456798904786754,0.4888040719858485,2.758204678520674e-05,0.0038902437978988198,-0.07447782140932696,1.3934295154770844,2.514715172982112,0.000691185275534268
18,7,2016,61,0.1449345385802058,0.4889971492134895,7.438115689693868e-05,0.0024786974505225457,-0.1575589028902786,0.9437156908198292,2.5181053018579513,0.00046811294187491527
19,7,2016,61,0.1412532744030027,0.4897609197206303,-0.00016991109741756058,0.00024637346836028527,-0.0850670689233344,1.332909337681502,2.502508350848186,0.0006611653460721736
