repeat,kind,ARI
0,subsample,0.5023619589009154
0,seed,1.0
1,subsample,0.6592736052474442
1,seed,0.6472681825048925
2,subsample,0.5426880621841341
2,seed,0.7137042239138521
3,subsample,0.6645488063727896
3,seed,0.5443178338922773
4,subsample,0.6742286994881133
4,seed,0.6554357645651647
5,subsample,0.48550196308693744
5,seed,0.7377792650829602
6,subsample,0.5243766516253207
6,seed,0.7435442145598901
7,subsample,0.4880101395855312
7,seed,0.593326221024333
8,subsample,0.5384205630582508
8,seed,0.41380205992400765
9,subsample,0.5744862773275068
9,seed,0.7337548527923198
10,subsample,0.5331964457278331
10,seed,0.4536128999987709
11,subsample,0.4358156170095077
11,seed,0.8172682317188749
