similarity,neighbors,ARI_to_main,K,N,min_size,AVI,AVU,MQ,Q,SW,CH,S_Dbw,CH_per_N
hellinger,8,0.5961313466395648,9,2016,63,0.9132154559842616,0.5157550735172768,0.025226717096284733,0.7704817041214371,0.19078335153536521,798.5764758813838,1.217543865373536,0.3961192836713213
hellinger,12,1.0,7,2016,61,0.9173342988102048,0.5391501780686089,0.035464005537090795,0.7333926546727512,0.18038869793100287,917.2087274178576,1.3509063057345927,0.4549646465366357
hellinger,20,0.50939527130341,7,2016,102,0.8863734695008312,0.5033243924259229,0.04621645940542204,0.7116257071986797,0.20026008660270048,1020.6939757461922,1.3604918249461995,0.5062966149534683
cosine,8,0.324615644833759,12,2016,75,0.9263786783213973,0.50221343992113,0.03128824092121971,0.831514785986998,0.1120696710812029,659.1657034771488,1.1736967024686447,0.3269671148200143
cosine,12,0.3747984179495372,10,2016,110,0.9194541438548489,0.5160128340719329,0.04017954206083866,0.8019465044026176,0.11582593272530697,719.1074526608554,1.2399701141824753,0.35670012532780526
cosine,20,0.37566437934638336,9,2016,68,0.9121836738766022,0.5085454227985418,0.06897311141535062,0.7752078007406583,0.1571731310440298,810.6763862434707,1.2189450660695844,0.4021212233350549
window_1,12,0.45245843113144846,7,2016,60,0.8975898487106753,0.5217341233708116,0.0338190054304922,0.7221087813117817,0.1355619511573088,767.2142854609416,1.4820622377452293,0.38056264159768927
window_3,12,0.5905812161243933,6,2016,182,0.9018675556014966,0.5662515320885787,0.02121091321756733,0.7160576237373242,0.1563352906353775,916.887513741554,1.6231142335230562,0.4548053143559296
window_6,12,1.0,7,2016,61,0.9173342988102048,0.5391501780686089,0.035464005537090795,0.7333926546727512,0.18038869793100287,917.2087274178576,1.3509063057345927,0.4549646465366357
