date,ARI,switch_share,mean_hellinger,yoy_ARI
2023-02,0.464866308488075,0.29216269841269843,0.008695023404036937,
2023-03,0.4063324505852725,0.4007936507936508,0.005840570852379365,
2023-04,0.49092437657972865,0.2896825396825397,0.005581602354206928,
2023-05,0.5681019571024318,0.22123015873015872,0.004439692648446338,
2023-06,0.5333720198066838,0.2648809523809524,0.004395054383010023,
2023-07,0.6862599693808841,0.1453373015873016,0.00681305301729783,
2023-08,0.6970516063410302,0.1463293650793651,0.006550858645853628,
2023-09,0.6478218527966986,0.20535714285714285,0.006489541199083645,
2023-10,0.4376335883274672,0.3482142857142857,0.008093999184147336,
2023-11,0.4660898692665739,0.38392857142857145,0.011962462635653275,
2023-12,0.5101553297100243,0.34375,0.010298257231899479,
2024-01,0.44875564006774726,0.3804563492063492,0.007891183040034425,0.2822627616994332
2024-02,0.4664929343325343,0.35962301587301587,0.008579034228066707,0.3373344571006686
2024-03,0.5652129414173277,0.2673611111111111,0.0063738283491083835,0.3481836416006885
2024-04,0.5899470351385551,0.24156746031746032,0.0045111662349425815,0.25451657437438135
2024-05,0.4496521675370611,0.38740079365079366,0.005549426151616352,0.34461823259129615
2024-06,0.42354940981675215,0.43154761904761907,0.005981519580123689,0.37502459612784994
2024-07,0.5011020756890477,0.35615079365079366,0.006225429878114442,0.41052851178483063
2024-08,0.5402363875764982,0.2564484126984127,0.006827548914435651,0.4306430246848166
2024-09,0.518251402699273,0.31398809523809523,0.005604531112166727,0.3257887179040492
2024-10,0.3871850334998409,0.4469246031746032,0.006311816166768024,0.34587966209797744
2024-11,0.5697999722367383,0.2361111111111111,0.008898577461702945,0.29834943007161263
2024-12,0.626032370956554,0.19791666666666666,0.00900058809694397,0.4617601180225899
