from_date,date,from_cluster,to_cluster,count
2023-01,2023-02,0,0,244
2023-01,2023-02,0,2,82
2023-01,2023-02,0,3,8
2023-01,2023-02,0,5,53
2023-01,2023-02,0,7,60
2023-01,2023-02,1,0,1
2023-01,2023-02,1,1,287
2023-01,2023-02,1,2,3
2023-01,2023-02,1,5,9
2023-01,2023-02,1,6,2
2023-01,2023-02,1,7,54
2023-01,2023-02,2,0,5
2023-01,2023-02,2,1,37
2023-01,2023-02,2,2,294
2023-01,2023-02,2,3,1
2023-01,2023-02,2,7,7
2023-01,2023-02,3,0,22
2023-01,2023-02,3,2,44
2023-01,2023-02,3,3,139
2023-01,2023-02,3,5,69
2023-01,2023-02,3,7,2
2023-01,2023-02,4,0,8
2023-01,2023-02,4,1,76
2023-01,2023-02,4,2,1
2023-01,2023-02,4,4,149
2023-01,2023-02,5,5,112
2023-01,2023-02,5,7,35
2023-01,2023-02,6,6,106
2023-01,2023-02,7,0,2
2023-01,2023-02,7,1,6
2023-01,2023-02,7,2,1
2023-01,2023-02,7,5,1
2023-01,2023-02,7,7,96
2023-02,2023-03,0,0,127
2023-02,2023-03,0,3,24
2023-02,2023-03,0,4,7
2023-02,2023-03,0,7,124
2023-02,2023-03,1,1,295
2023-02,2023-03,1,2,17
2023-02,2023-03,1,4,93
2023-02,2023-03,1,5,1
2023-02,2023-03,2,0,191
2023-02,2023-03,2,2,166
2023-02,2023-03,2,3,1
2023-02,2023-03,2,7,67
2023-02,2023-03,3,0,45
2023-02,2023-03,3,3,103
2023-02,2023-03,4,1,3
2023-02,2023-03,4,4,146
2023-02,2023-03,5,1,3
2023-02,2023-03,5,3,107
2023-02,2023-03,5,5,122
2023-02,2023-03,5,7,12
2023-02,2023-03,6,1,1
2023-02,2023-03,6,4,25
2023-02,2023-03,6,6,82
2023-02,2023-03,7,1,70
2023-02,2023-03,7,2,1
2023-02,2023-03,7,3,1
2023-02,2023-03,7,5,15
2023-02,2023-03,7,7,167
2023-03,2023-04,0,0,285
2023-03,2023-04,0,2,78
2023-03,2023-04,1,1,291
2023-03,2023-04,1,2,2
2023-03,2023-04,1,4,2
2023-03,2023-04,1,5,8
2023-03,2023-04,1,7,69
2023-03,2023-04,2,0,14
2023-03,2023-04,2,1,21
2023-03,2023-04,2,2,146
2023-03,2023-04,2,4,3
2023-03,2023-04,3,0,99
2023-03,2023-04,3,3,137
2023-03,2023-04,4,1,6
2023-03,2023-04,4,2,3
2023-03,2023-04,4,4,240
2023-03,2023-04,4,6,22
2023-03,2023-04,5,1,2
2023-03,2023-04,5,5,134
2023-03,2023-04,5,7,2
2023-03,2023-04,6,6,82
2023-03,2023-04,7,0,84
2023-03,2023-04,7,1,14
2023-03,2023-04,7,2,40
2023-03,2023-04,7,3,72
2023-03,2023-04,7,4,5
2023-03,2023-04,7,5,38
2023-03,2023-04,7,7,117
2023-04,2023-05,0,0,330
2023-04,2023-05,0,2,132
2023-04,2023-05,0,3,15
2023-04,2023-05,0,7,5
2023-04,2023-05,1,1,211
2023-04,2023-05,1,2,16
2023-04,2023-05,1,4,1
2023-04,2023-05,1,5,58
2023-04,2023-05,1,7,48
2023-04,2023-05,2,0,5
2023-04,2023-05,2,2,235
2023-04,2023-05,2,4,19
2023-04,2023-05,2,7,10
2023-04,2023-05,3,0,26
2023-04,2023-05,3,2,28
2023-04,2023-05,3,3,135
2023-04,2023-05,3,5,2
2023-04,2023-05,3,7,18
2023-04,2023-05,4,1,1
2023-04,2023-05,4,2,1
2023-04,2023-05,4,4,246
2023-04,2023-05,4,5,2
2023-04,2023-05,5,2,1
2023-04,2023-05,5,5,128
2023-04,2023-05,5,7,51
2023-04,2023-05,6,6,104
2023-04,2023-05,7,1,1
2023-04,2023-05,7,2,3
2023-04,2023-05,7,3,3
2023-04,2023-05,7,7,181
2023-05,2023-06,0,0,309
2023-05,2023-06,0,2,19
2023-05,2023-06,0,7,33
2023-05,2023-06,1,1,209
2023-05,2023-06,1,2,1
2023-05,2023-06,1,4,1
2023-05,2023-06,1,5,2
2023-05,2023-06,2,0,16
2023-05,2023-06,2,1,39
2023-05,2023-06,2,2,298
2023-05,2023-06,2,7,63
2023-05,2023-06,3,0,57
2023-05,2023-06,3,5,2
2023-05,2023-06,3,7,94
2023-05,2023-06,4,1,12
2023-05,2023-06,4,2,19
2023-05,2023-06,4,4,226
2023-05,2023-06,4,7,9
2023-05,2023-06,5,1,42
2023-05,2023-06,5,5,147
2023-05,2023-06,5,7,1
2023-05,2023-06,6,4,43
2023-05,2023-06,6,6,61
2023-05,2023-06,7,1,56
2023-05,2023-06,7,2,1
2023-05,2023-06,7,5,24
2023-05,2023-06,7,7,232
2023-06,2023-07,0,0,312
2023-06,2023-07,0,2,49
2023-06,2023-07,0,7,21
2023-06,2023-07,1,1,330
2023-06,2023-07,1,2,10
2023-06,2023-07,1,4,1
2023-06,2023-07,1,7,17
2023-06,2023-07,2,0,22
2023-06,2023-07,2,1,2
2023-06,2023-07,2,2,308
2023-06,2023-07,2,7,6
2023-06,2023-07,4,1,83
2023-06,2023-07,4,4,180
2023-06,2023-07,4,6,7
2023-06,2023-07,5,0,2
2023-06,2023-07,5,1,16
2023-06,2023-07,5,5,147
2023-06,2023-07,5,7,10
2023-06,2023-07,6,6,61
2023-06,2023-07,7,0,13
2023-06,2023-07,7,1,4
2023-06,2023-07,7,2,27
2023-06,2023-07,7,5,3
2023-06,2023-07,7,7,385
2023-07,2023-08,0,0,336
2023-07,2023-08,0,2,6
2023-07,2023-08,0,7,7
2023-07,2023-08,1,1,380
2023-07,2023-08,1,2,46
2023-07,2023-08,1,4,2
2023-07,2023-08,1,7,7
2023-07,2023-08,2,0,152
2023-07,2023-08,2,1,4
2023-07,2023-08,2,2,226
2023-07,2023-08,2,7,12
2023-07,2023-08,4,1,2
2023-07,2023-08,4,4,179
2023-07,2023-08,5,5,131
2023-07,2023-08,5,7,19
2023-07,2023-08,6,4,1
2023-07,2023-08,6,6,67
2023-07,2023-08,7,0,8
2023-07,2023-08,7,1,5
2023-07,2023-08,7,2,22
2023-07,2023-08,7,5,2
2023-07,2023-08,7,7,402
2023-08,2023-09,0,0,285
2023-08,2023-09,0,2,32
2023-08,2023-09,0,7,4
2023-08,2023-09,0,8,175
2023-08,2023-09,1,1,349
2023-08,2023-09,1,2,11
2023-08,2023-09,1,4,2
2023-08,2023-09,1,5,2
2023-08,2023-09,1,7,27
2023-08,2023-09,2,0,10
2023-08,2023-09,2,2,191
2023-08,2023-09,2,7,99
2023-08,2023-09,4,4,181
2023-08,2023-09,4,6,1
2023-08,2023-09,5,5,102
2023-08,2023-09,5,7,31
2023-08,2023-09,6,6,67
2023-08,2023-09,7,1,6
2023-08,2023-09,7,2,9
2023-08,2023-09,7,7,427
2023-08,2023-09,7,8,5
2023-09,2023-10,0,0,214
2023-09,2023-10,0,2,53
2023-09,2023-10,0,7,1
2023-09,2023-10,0,8,27
2023-09,2023-10,1,1,189
2023-09,2023-10,1,4,1
2023-09,2023-10,1,5,1
2023-09,2023-10,1,7,3
2023-09,2023-10,1,9,161
2023-09,2023-10,2,0,3
2023-09,2023-10,2,1,2
2023-09,2023-10,2,2,130
2023-09,2023-10,2,4,1
2023-09,2023-10,2,7,19
2023-09,2023-10,2,9,88
2023-09,2023-10,4,1,1
2023-09,2023-10,4,4,181
2023-09,2023-10,4,6,1
2023-09,2023-10,5,1,2
2023-09,2023-10,5,4,1
2023-09,2023-10,5,5,101
2023-09,2023-10,6,4,2
2023-09,2023-10,6,6,66
2023-09,2023-10,7,2,135
2023-09,2023-10,7,5,43
2023-09,2023-10,7,7,258
2023-09,2023-10,7,8,111
2023-09,2023-10,7,9,41
2023-09,2023-10,8,0,3
2023-09,2023-10,8,2,2
2023-09,2023-10,8,8,175
2023-10,2023-11,0,2,72
2023-10,2023-11,0,8,148
2023-10,2023-11,1,1,130
2023-10,2023-11,1,2,1
2023-10,2023-11,1,4,48
2023-10,2023-11,1,5,15
2023-10,2023-11,2,1,1
2023-10,2023-11,2,2,254
2023-10,2023-11,2,7,9
2023-10,2023-11,2,8,6
2023-10,2023-11,2,9,50
2023-10,2023-11,4,4,140
2023-10,2023-11,4,5,1
2023-10,2023-11,4,6,45
2023-10,2023-11,5,5,142
2023-10,2023-11,5,7,3
2023-10,2023-11,6,6,67
2023-10,2023-11,7,2,5
2023-10,2023-11,7,5,6
2023-10,2023-11,7,7,157
2023-10,2023-11,7,9,113
2023-10,2023-11,8,2,32
2023-10,2023-11,8,7,44
2023-10,2023-11,8,8,229
2023-10,2023-11,8,9,8
2023-10,2023-11,9,1,154
2023-10,2023-11,9,2,6
2023-10,2023-11,9,5,3
2023-10,2023-11,9,7,4
2023-10,2023-11,9,9,123
2023-11,2023-12,1,1,266
2023-11,2023-12,1,4,5
2023-11,2023-12,1,5,6
2023-11,2023-12,1,7,1
2023-11,2023-12,1,9,7
2023-11,2023-12,2,2,146
2023-11,2023-12,2,7,2
2023-11,2023-12,2,8,178
2023-11,2023-12,2,9,44
2023-11,2023-12,4,4,140
2023-11,2023-12,4,5,48
2023-11,2023-12,5,1,4
2023-11,2023-12,5,5,97
2023-11,2023-12,5,7,66
2023-11,2023-12,6,4,112
2023-11,2023-12,7,2,4
2023-11,2023-12,7,7,210
2023-11,2023-12,7,8,3
2023-11,2023-12,8,2,23
2023-11,2023-12,8,7,11
2023-11,2023-12,8,8,349
2023-11,2023-12,9,1,3
2023-11,2023-12,9,2,75
2023-11,2023-12,9,7,101
2023-11,2023-12,9,9,115
2023-12,2024-01,1,1,138
2023-12,2024-01,1,4,1
2023-12,2024-01,1,5,2
2023-12,2024-01,1,9,132
2023-12,2024-01,2,2,186
2023-12,2024-01,2,7,56
2023-12,2024-01,2,8,2
2023-12,2024-01,2,9,4
2023-12,2024-01,4,1,3
2023-12,2024-01,4,4,193
2023-12,2024-01,4,10,61
2023-12,2024-01,5,1,52
2023-12,2024-01,5,4,2
2023-12,2024-01,5,5,95
2023-12,2024-01,5,9,2
2023-12,2024-01,7,2,10
2023-12,2024-01,7,5,64
2023-12,2024-01,7,7,164
2023-12,2024-01,7,8,6
2023-12,2024-01,7,9,147
2023-12,2024-01,8,2,156
2023-12,2024-01,8,7,11
2023-12,2024-01,8,8,363
2023-12,2024-01,9,1,2
2023-12,2024-01,9,2,54
2023-12,2024-01,9,9,110
2024-01,2024-02,1,1,189
2024-01,2024-02,1,4,5
2024-01,2024-02,1,9,1
2024-01,2024-02,2,2,156
2024-01,2024-02,2,7,207
2024-01,2024-02,2,8,3
2024-01,2024-02,2,9,40
2024-01,2024-02,4,1,1
2024-01,2024-02,4,2,5
2024-01,2024-02,4,4,181
2024-01,2024-02,4,10,9
2024-01,2024-02,5,1,1
2024-01,2024-02,5,5,158
2024-01,2024-02,5,8,1
2024-01,2024-02,5,9,1
2024-01,2024-02,7,5,13
2024-01,2024-02,7,7,130
2024-01,2024-02,7,8,36
2024-01,2024-02,7,9,52
2024-01,2024-02,8,2,192
2024-01,2024-02,8,7,21
2024-01,2024-02,8,8,157
2024-01,2024-02,8,9,1
2024-01,2024-02,9,1,122
2024-01,2024-02,9,5,3
2024-01,2024-02,9,7,11
2024-01,2024-02,9,9,259
2024-01,2024-02,10,10,61
2024-02,2024-03,1,1,175
2024-02,2024-03,1,4,3
2024-02,2024-03,1,5,1
2024-02,2024-03,1,9,134
2024-02,2024-03,2,1,14
2024-02,2024-03,2,2,331
2024-02,2024-03,2,9,8
2024-02,2024-03,4,1,52
2024-02,2024-03,4,4,134
2024-02,2024-03,5,2,1
2024-02,2024-03,5,5,172
2024-02,2024-03,5,7,1
2024-02,2024-03,7,2,32
2024-02,2024-03,7,5,3
2024-02,2024-03,7,7,333
2024-02,2024-03,7,9,1
2024-02,2024-03,8,2,168
2024-02,2024-03,8,5,1
2024-02,2024-03,8,7,28
2024-02,2024-03,9,1,1
2024-02,2024-03,9,5,27
2024-02,2024-03,9,7,62
2024-02,2024-03,9,9,264
2024-02,2024-03,10,4,2
2024-02,2024-03,10,10,68
2024-03,2024-04,1,1,219
2024-03,2024-04,1,2,4
2024-03,2024-04,1,4,19
2024-03,2024-04,2,2,308
2024-03,2024-04,2,7,37
2024-03,2024-04,2,11,187
2024-03,2024-04,4,4,139
2024-03,2024-04,5,1,1
2024-03,2024-04,5,5,128
2024-03,2024-04,5,7,72
2024-03,2024-04,5,9,3
2024-03,2024-04,7,2,20
2024-03,2024-04,7,7,368
2024-03,2024-04,7,9,10
2024-03,2024-04,7,11,26
2024-03,2024-04,9,1,87
2024-03,2024-04,9,2,11
2024-03,2024-04,9,5,1
2024-03,2024-04,9,7,9
2024-03,2024-04,9,9,299
2024-03,2024-04,10,10,68
2024-04,2024-05,1,1,179
2024-04,2024-05,1,2,10
2024-04,2024-05,1,4,32
2024-04,2024-05,1,5,1
2024-04,2024-05,1,9,85
2024-04,2024-05,2,2,109
2024-04,2024-05,2,7,4
2024-04,2024-05,2,9,10
2024-04,2024-05,2,11,220
2024-04,2024-05,4,1,2
2024-04,2024-05,4,4,156
2024-04,2024-05,5,5,114
2024-04,2024-05,5,9,2
2024-04,2024-05,5,12,13
2024-04,2024-05,7,2,86
2024-04,2024-05,7,5,1
2024-04,2024-05,7,7,222
2024-04,2024-05,7,9,1
2024-04,2024-05,7,11,16
2024-04,2024-05,7,12,160
2024-04,2024-05,9,2,14
2024-04,2024-05,9,5,3
2024-04,2024-05,9,7,44
2024-04,2024-05,9,9,235
2024-04,2024-05,9,12,16
2024-04,2024-05,10,4,1
2024-04,2024-05,10,10,67
2024-04,2024-05,11,2,1
2024-04,2024-05,11,7,2
2024-04,2024-05,11,11,153
2024-04,2024-05,11,12,57
2024-05,2024-06,1,1,171
2024-05,2024-06,1,5,1
2024-05,2024-06,1,9,9
2024-05,2024-06,2,1,13
2024-05,2024-06,2,2,154
2024-05,2024-06,2,7,1
2024-05,2024-06,2,11,6
2024-05,2024-06,2,12,46
2024-05,2024-06,4,1,144
2024-05,2024-06,4,10,45
2024-05,2024-06,5,5,110
2024-05,2024-06,5,9,9
2024-05,2024-06,7,2,8
2024-05,2024-06,7,5,4
2024-05,2024-06,7,7,179
2024-05,2024-06,7,11,45
2024-05,2024-06,7,12,36
2024-05,2024-06,9,1,19
2024-05,2024-06,9,2,59
2024-05,2024-06,9,7,51
2024-05,2024-06,9,9,193
2024-05,2024-06,9,12,11
2024-05,2024-06,10,10,67
2024-05,2024-06,11,2,1
2024-05,2024-06,11,11,271
2024-05,2024-06,11,12,117
2024-05,2024-06,12,2,16
2024-05,2024-06,12,5,45
2024-05,2024-06,12,7,98
2024-05,2024-06,12,9,26
2024-05,2024-06,12,11,60
2024-05,2024-06,12,12,1
2024-06,2024-07,1,1,173
2024-06,2024-07,1,2,30
2024-06,2024-07,1,9,2
2024-06,2024-07,1,13,142
2024-06,2024-07,2,2,133
2024-06,2024-07,2,7,81
2024-06,2024-07,2,9,12
2024-06,2024-07,2,11,12
2024-06,2024-07,5,1,2
2024-06,2024-07,5,5,112
2024-06,2024-07,5,7,41
2024-06,2024-07,5,9,5
2024-06,2024-07,7,2,2
2024-06,2024-07,7,7,245
2024-06,2024-07,7,9,82
2024-06,2024-07,9,1,1
2024-06,2024-07,9,2,4
2024-06,2024-07,9,5,5
2024-06,2024-07,9,7,3
2024-06,2024-07,9,9,224
2024-06,2024-07,10,10,61
2024-06,2024-07,10,13,51
2024-06,2024-07,11,7,32
2024-06,2024-07,11,11,350
2024-06,2024-07,12,2,38
2024-06,2024-07,12,7,26
2024-06,2024-07,12,11,147
2024-07,2024-08,1,1,175
2024-07,2024-08,1,5,1
2024-07,2024-08,2,1,30
2024-07,2024-08,2,2,125
2024-07,2024-08,2,9,52
2024-07,2024-08,5,5,100
2024-07,2024-08,5,7,16
2024-07,2024-08,5,9,1
2024-07,2024-08,7,2,131
2024-07,2024-08,7,5,3
2024-07,2024-08,7,7,221
2024-07,2024-08,7,9,52
2024-07,2024-08,7,11,21
2024-07,2024-08,9,1,57
2024-07,2024-08,9,2,2
2024-07,2024-08,9,5,20
2024-07,2024-08,9,7,14
2024-07,2024-08,9,9,232
2024-07,2024-08,10,10,61
2024-07,2024-08,11,2,104
2024-07,2024-08,11,7,5
2024-07,2024-08,11,11,400
2024-07,2024-08,13,1,6
2024-07,2024-08,13,10,2
2024-07,2024-08,13,13,185
2024-08,2024-09,1,1,171
2024-08,2024-09,1,2,7
2024-08,2024-09,1,5,59
2024-08,2024-09,1,9,25
2024-08,2024-09,1,13,6
2024-08,2024-09,2,2,280
2024-08,2024-09,2,7,27
2024-08,2024-09,2,11,12
2024-08,2024-09,2,14,43
2024-08,2024-09,5,5,112
2024-08,2024-09,5,9,11
2024-08,2024-09,5,14,1
2024-08,2024-09,7,2,70
2024-08,2024-09,7,5,10
2024-08,2024-09,7,7,74
2024-08,2024-09,7,9,27
2024-08,2024-09,7,14,75
2024-08,2024-09,9,1,1
2024-08,2024-09,9,2,30
2024-08,2024-09,9,5,59
2024-08,2024-09,9,9,175
2024-08,2024-09,9,14,72
2024-08,2024-09,10,10,63
2024-08,2024-09,11,2,3
2024-08,2024-09,11,7,78
2024-08,2024-09,11,11,324
2024-08,2024-09,11,14,16
2024-08,2024-09,13,1,1
2024-08,2024-09,13,13,184
2024-09,2024-10,1,1,170
2024-09,2024-10,1,9,3
2024-09,2024-10,2,7,5
2024-09,2024-10,2,9,104
2024-09,2024-10,2,11,159
2024-09,2024-10,2,14,122
2024-09,2024-10,5,1,54
2024-09,2024-10,5,5,175
2024-09,2024-10,5,9,2
2024-09,2024-10,5,13,1
2024-09,2024-10,5,14,8
2024-09,2024-10,7,5,1
2024-09,2024-10,7,7,39
2024-09,2024-10,7,11,72
2024-09,2024-10,7,14,67
2024-09,2024-10,9,1,6
2024-09,2024-10,9,5,9
2024-09,2024-10,9,9,137
2024-09,2024-10,9,14,86
2024-09,2024-10,10,13,63
2024-09,2024-10,11,7,86
2024-09,2024-10,11,11,250
2024-09,2024-10,13,9,2
2024-09,2024-10,13,13,188
2024-09,2024-10,14,5,30
2024-09,2024-10,14,7,14
2024-09,2024-10,14,9,7
2024-09,2024-10,14,14,156
2024-10,2024-11,1,1,170
2024-10,2024-11,1,5,55
2024-10,2024-11,1,9,5
2024-10,2024-11,5,1,6
2024-10,2024-11,5,5,207
2024-10,2024-11,5,13,1
2024-10,2024-11,5,14,1
2024-10,2024-11,7,7,125
2024-10,2024-11,7,11,5
2024-10,2024-11,7,14,14
2024-10,2024-11,9,1,1
2024-10,2024-11,9,5,22
2024-10,2024-11,9,9,201
2024-10,2024-11,9,14,31
2024-10,2024-11,11,7,11
2024-10,2024-11,11,9,8
2024-10,2024-11,11,11,388
2024-10,2024-11,11,14,74
2024-10,2024-11,13,13,191
2024-10,2024-11,13,15,61
2024-10,2024-11,14,5,160
2024-10,2024-11,14,9,11
2024-10,2024-11,14,11,10
2024-10,2024-11,14,14,258
2024-11,2024-12,1,1,170
2024-11,2024-12,1,5,3
2024-11,2024-12,1,9,1
2024-11,2024-12,1,13,3
2024-11,2024-12,5,1,13
2024-11,2024-12,5,5,354
2024-11,2024-12,5,9,48
2024-11,2024-12,5,14,29
2024-11,2024-12,7,11,131
2024-11,2024-12,7,14,5
2024-11,2024-12,9,1,6
2024-11,2024-12,9,5,4
2024-11,2024-12,9,9,204
2024-11,2024-12,9,11,1
2024-11,2024-12,9,14,10
2024-11,2024-12,11,11,321
2024-11,2024-12,11,14,82
2024-11,2024-12,13,1,4
2024-11,2024-12,13,13,188
2024-11,2024-12,14,5,3
2024-11,2024-12,14,9,32
2024-11,2024-12,14,11,24
2024-11,2024-12,14,14,319
2024-11,2024-12,15,15,61
